Order ID,Order Date,Customer ID,City,Product,Category,Quantity,Price,Revenue,Month
1,2023-01-01,1642,Hyderabad,Smartwatch,Gadgets,6.0,174.0,1044,1
2,2023-01-02,1111,Chennai,Mobile,Electronics,6.0,3163.0,18978,1
3,2023-01-03,1677,Hyderabad,Mobile,Electronics,4.0,648.0,2592,1
4,2023-01-04,1883,Chennai,Laptop,Electronics,7.0,4627.0,32389,1
5,2023-01-05,1260,Mumbai,Laptop,Accessories,4.0,4882.0,19528,1
6,2023-01-06,1480,,Tablet,Accessories,3.0,4103.0,12309,1
7,2023-01-07,1777,Mumbai,Smartwatch,Accessories,1.0,4367.0,4367,1
8,2023-01-08,1498,Bangalore,Tablet,Accessories,9.0,3530.0,31770,1
9,2023-01-09,1266,Hyderabad,Headphones,Electronics,9.0,4670.0,42030,1
10,2023-01-10,1226,Hyderabad,Smartwatch,Accessories,1.0,4474.0,4474,1
11,2023-01-11,1512,Delhi,Smartwatch,Electronics,6.0,,12066,1
12,2023-01-12,1416,Hyderabad,Mobile,Accessories,3.0,4275.0,12825,1
13,2023-01-13,1493,Mumbai,Tablet,Gadgets,2.0,938.0,1876,1
14,2023-01-14,1925,Chennai,Headphones,Gadgets,5.0,3307.0,16535,1
15,2023-01-15,1078,Chennai,Tablet,Accessories,3.0,1349.0,4047,1
16,2023-01-16,1639,Delhi,Mobile,Electronics,7.0,2064.0,14448,1
17,2023-01-17,1554,Mumbai,Tablet,Gadgets,7.0,1171.0,8197,1
18,2023-01-18,1851,Mumbai,Tablet,Gadgets,8.0,1250.0,10000,1
19,2023-01-19,1602,Bangalore,Headphones,Gadgets,9.0,802.0,7218,1
20,2023-01-20,1548,Bangalore,Tablet,Gadgets,7.0,4996.0,34972,1
21,2023-01-21,1463,Delhi,Laptop,Accessories,,4096.0,28672,1
22,2023-01-22,1956,Bangalore,Laptop,Gadgets,6.0,1733.0,10398,1
23,2023-01-23,1123,Delhi,Smartwatch,Electronics,3.0,4623.0,13869,1
24,2023-01-24,1156,Mumbai,Headphones,Electronics,9.0,4113.0,37017,1
25,2023-01-25,1143,Chennai,Headphones,Electronics,7.0,3047.0,21329,1
26,2023-01-26,1607,Chennai,Laptop,Electronics,6.0,3232.0,19392,1
27,2023-01-27,1062,Chennai,Mobile,Electronics,1.0,3242.0,3242,1
28,2023-01-28,1457,Delhi,Laptop,Accessories,4.0,3975.0,15900,1
29,2023-01-29,1568,Bangalore,Mobile,Electronics,2.0,1694.0,3388,1
30,2023-01-30,1061,Chennai,Laptop,Electronics,1.0,2491.0,2491,1
31,2023-01-31,1788,Chennai,Tablet,Accessories,2.0,3990.0,7980,1
32,2023-02-01,1968,Mumbai,Smartwatch,Gadgets,7.0,1779.0,12453,2
33,2023-02-02,1529,Delhi,Mobile,Electronics,2.0,503.0,1006,2
34,2023-02-03,1225,Delhi,Headphones,Electronics,4.0,2312.0,9248,2
35,2023-02-04,1349,Chennai,Laptop,Accessories,8.0,2166.0,17328,2
36,2023-02-05,1546,Mumbai,Tablet,Gadgets,9.0,404.0,3636,2
37,2023-02-06,1456,Chennai,Headphones,Gadgets,3.0,3826.0,11478,2
38,2023-02-07,1290,Hyderabad,Mobile,Electronics,9.0,1841.0,16569,2
39,2023-02-08,1525,Delhi,Tablet,Electronics,9.0,2655.0,23895,2
40,2023-02-09,1912,Delhi,Tablet,Accessories,9.0,4838.0,43542,2
41,2023-02-10,1894,Delhi,Laptop,Gadgets,1.0,3243.0,3243,2
42,2023-02-11,1196,Hyderabad,Smartwatch,Gadgets,5.0,4057.0,20285,2
43,2023-02-12,1827,Bangalore,Smartwatch,Electronics,1.0,4341.0,4341,2
44,2023-02-13,1805,Chennai,Smartwatch,Electronics,3.0,462.0,1386,2
45,2023-02-14,1827,Mumbai,Mobile,Gadgets,6.0,981.0,5886,2
46,2023-02-15,1516,Chennai,Laptop,Accessories,5.0,799.0,3995,2
47,2023-02-16,1472,Mumbai,Smartwatch,Accessories,7.0,2244.0,15708,2
48,2023-02-17,1680,Bangalore,Smartwatch,Electronics,8.0,515.0,4120,2
49,2023-02-18,1271,Mumbai,Tablet,Gadgets,3.0,2100.0,6300,2
50,2023-02-19,1657,Chennai,Headphones,Accessories,3.0,634.0,1902,2
51,2023-02-20,1473,Bangalore,Laptop,Accessories,3.0,1926.0,5778,2
52,2023-02-21,1406,Delhi,Laptop,Gadgets,5.0,3047.0,15235,2
53,2023-02-22,1071,Hyderabad,Laptop,Electronics,7.0,305.0,2135,2
54,2023-02-23,1814,Delhi,Mobile,Accessories,5.0,2778.0,13890,2
55,2023-02-24,1966,Bangalore,Tablet,Gadgets,6.0,2650.0,15900,2
56,2023-02-25,1446,Bangalore,Laptop,Electronics,9.0,2693.0,24237,2
57,2023-02-26,1184,Chennai,Smartwatch,Accessories,5.0,1834.0,9170,2
58,2023-02-27,1310,Delhi,Tablet,Electronics,6.0,897.0,5382,2
59,2023-02-28,1124,Bangalore,Laptop,Gadgets,2.0,3337.0,6674,2
60,2023-03-01,1040,Mumbai,Mobile,Electronics,8.0,4992.0,39936,3
61,2023-03-02,1928,Chennai,Smartwatch,Gadgets,8.0,3040.0,24320,3
62,2023-03-03,1410,Mumbai,Headphones,Electronics,3.0,3702.0,11106,3
63,2023-03-04,1589,Bangalore,Smartwatch,Gadgets,9.0,4818.0,43362,3
64,2023-03-05,1557,Mumbai,Headphones,Electronics,1.0,4900.0,4900,3
65,2023-03-06,1087,Bangalore,Tablet,Gadgets,4.0,1743.0,6972,3
66,2023-03-07,1027,Hyderabad,Tablet,Electronics,5.0,2122.0,10610,3
67,2023-03-08,1882,Delhi,Smartwatch,Accessories,1.0,4357.0,4357,3
68,2023-03-09,1701,Mumbai,Laptop,Accessories,9.0,4984.0,44856,3
69,2023-03-10,1385,Hyderabad,Headphones,Gadgets,9.0,1363.0,12267,3
70,2023-03-11,1749,Chennai,Laptop,Electronics,1.0,120.0,120,3
71,2023-03-12,1143,Chennai,Smartwatch,Accessories,4.0,2352.0,9408,3
72,2023-03-13,1712,Delhi,Headphones,Electronics,4.0,912.0,3648,3
73,2023-03-14,1609,Hyderabad,Smartwatch,Electronics,8.0,1752.0,14016,3
74,2023-03-15,1464,Hyderabad,Mobile,Electronics,1.0,1866.0,1866,3
75,2023-03-16,1742,Hyderabad,Smartwatch,Accessories,7.0,119.0,833,3
76,2023-03-17,1751,Chennai,Laptop,Gadgets,4.0,1333.0,5332,3
77,2023-03-18,1900,Bangalore,Tablet,Electronics,6.0,4734.0,28404,3
78,2023-03-19,1559,Hyderabad,Tablet,Gadgets,7.0,2296.0,16072,3
79,2023-03-20,1181,Mumbai,Headphones,Electronics,8.0,3653.0,29224,3
80,2023-03-21,1610,Bangalore,Headphones,Gadgets,8.0,4532.0,36256,3
81,2023-03-22,1725,Delhi,Mobile,Gadgets,7.0,2914.0,20398,3
82,2023-03-23,1425,Chennai,Tablet,Accessories,3.0,3599.0,10797,3
83,2023-03-24,1443,Chennai,Smartwatch,Electronics,8.0,3393.0,27144,3
84,2023-03-25,1985,Chennai,Headphones,Gadgets,6.0,2304.0,13824,3
85,2023-03-26,1986,Hyderabad,Smartwatch,Electronics,4.0,2450.0,9800,3
86,2023-03-27,1094,Mumbai,Mobile,Gadgets,7.0,2116.0,14812,3
87,2023-03-28,1508,Delhi,Headphones,Electronics,7.0,732.0,5124,3
88,2023-03-29,1612,Chennai,Laptop,Electronics,7.0,4032.0,28224,3
89,2023-03-30,1037,Delhi,Smartwatch,Accessories,4.0,2554.0,10216,3
90,2023-03-31,1566,Mumbai,Tablet,Electronics,3.0,1784.0,5352,3
91,2023-04-01,1165,Mumbai,Headphones,Accessories,7.0,1797.0,12579,4
92,2023-04-02,1994,Hyderabad,Mobile,Electronics,7.0,3320.0,23240,4
93,2023-04-03,1536,Hyderabad,Mobile,Electronics,9.0,4294.0,38646,4
94,2023-04-04,1673,Chennai,Tablet,Accessories,9.0,2170.0,19530,4
95,2023-04-05,1772,Mumbai,Laptop,Accessories,6.0,4237.0,25422,4
96,2023-04-06,1040,Delhi,Tablet,Gadgets,2.0,2812.0,5624,4
97,2023-04-07,1069,Bangalore,Mobile,Accessories,1.0,2754.0,2754,4
98,2023-04-08,1789,Mumbai,Laptop,Electronics,6.0,2210.0,13260,4
99,2023-04-09,1417,Mumbai,Laptop,Accessories,8.0,2477.0,19816,4
100,2023-04-10,1073,Delhi,Smartwatch,Electronics,2.0,2077.0,4154,4
101,2023-04-11,1848,Mumbai,Smartwatch,Electronics,3.0,483.0,1449,4
102,2023-04-12,1622,Chennai,Laptop,Accessories,4.0,4437.0,17748,4
103,2023-04-13,1957,Mumbai,Laptop,Accessories,4.0,1576.0,6304,4
104,2023-04-14,1051,Hyderabad,Tablet,Gadgets,9.0,1739.0,15651,4
105,2023-04-15,1835,Bangalore,Laptop,Accessories,1.0,2202.0,2202,4
106,2023-04-16,1546,Bangalore,Smartwatch,Gadgets,7.0,2119.0,14833,4
107,2023-04-17,1806,Delhi,Mobile,Accessories,4.0,3504.0,14016,4
108,2023-04-18,1532,Mumbai,Tablet,Accessories,8.0,2015.0,16120,4
109,2023-04-19,1275,Mumbai,Mobile,Electronics,9.0,3870.0,34830,4
110,2023-04-20,1710,Hyderabad,Smartwatch,Electronics,9.0,2532.0,22788,4
111,2023-04-21,1884,Chennai,Headphones,Gadgets,5.0,2697.0,13485,4
112,2023-04-22,1597,Delhi,Mobile,Electronics,9.0,909.0,8181,4
113,2023-04-23,1179,Bangalore,Mobile,Electronics,9.0,1112.0,10008,4
114,2023-04-24,1711,Hyderabad,Tablet,Gadgets,1.0,4863.0,4863,4
115,2023-04-25,1123,Delhi,Tablet,Accessories,8.0,4807.0,38456,4
116,2023-04-26,1273,Delhi,Laptop,Gadgets,3.0,616.0,1848,4
117,2023-04-27,1318,Mumbai,Tablet,Electronics,8.0,2014.0,16112,4
118,2023-04-28,1133,Bangalore,Mobile,Accessories,5.0,2750.0,13750,4
119,2023-04-29,1426,Delhi,Smartwatch,Electronics,4.0,3341.0,13364,4
120,2023-04-30,1127,Chennai,Mobile,Accessories,4.0,3463.0,13852,4
121,2023-05-01,1854,Delhi,Tablet,Accessories,2.0,4010.0,8020,5
122,2023-05-02,1222,Bangalore,Headphones,Gadgets,7.0,1020.0,7140,5
123,2023-05-03,1268,Chennai,Mobile,Electronics,9.0,4754.0,42786,5
124,2023-05-04,1456,Hyderabad,Headphones,Gadgets,5.0,564.0,2820,5
125,2023-05-05,1258,Bangalore,Mobile,Gadgets,8.0,3882.0,31056,5
126,2023-05-06,1750,Bangalore,Laptop,Gadgets,2.0,3366.0,6732,5
127,2023-05-07,1887,Mumbai,Mobile,Accessories,3.0,1226.0,3678,5
128,2023-05-08,1070,Bangalore,Tablet,Gadgets,6.0,806.0,4836,5
129,2023-05-09,1822,Bangalore,Tablet,Gadgets,1.0,3653.0,3653,5
130,2023-05-10,1039,Chennai,Laptop,Accessories,5.0,4985.0,24925,5
131,2023-05-11,1215,Chennai,Laptop,Accessories,5.0,369.0,1845,5
132,2023-05-12,1847,Chennai,Mobile,Accessories,6.0,3824.0,22944,5
133,2023-05-13,1371,Mumbai,Headphones,Electronics,2.0,3169.0,6338,5
134,2023-05-14,1228,Delhi,Smartwatch,Electronics,7.0,1435.0,10045,5
135,2023-05-15,1503,Delhi,Headphones,Electronics,5.0,3877.0,19385,5
136,2023-05-16,1381,Mumbai,Smartwatch,Accessories,1.0,1382.0,1382,5
137,2023-05-17,1828,Bangalore,Smartwatch,Accessories,6.0,4173.0,25038,5
138,2023-05-18,1263,Delhi,Smartwatch,Accessories,7.0,1141.0,7987,5
139,2023-05-19,1456,Delhi,Mobile,Accessories,4.0,1271.0,5084,5
140,2023-05-20,1457,Chennai,Laptop,Electronics,1.0,1181.0,1181,5
141,2023-05-21,1144,Hyderabad,Laptop,Electronics,3.0,2349.0,7047,5
142,2023-05-22,1274,Bangalore,Laptop,Accessories,1.0,3224.0,3224,5
143,2023-05-23,1181,Mumbai,Smartwatch,Accessories,8.0,2603.0,20824,5
144,2023-05-24,1978,Chennai,Laptop,Accessories,9.0,1604.0,14436,5
145,2023-05-25,1764,Mumbai,Mobile,Accessories,3.0,1006.0,3018,5
146,2023-05-26,1970,Delhi,Tablet,Electronics,2.0,2208.0,4416,5
147,2023-05-27,1290,Hyderabad,Laptop,Gadgets,2.0,285.0,570,5
148,2023-05-28,1483,Hyderabad,Laptop,Gadgets,3.0,3101.0,9303,5
149,2023-05-29,1960,Hyderabad,Laptop,Gadgets,7.0,3929.0,27503,5
150,2023-05-30,1069,Bangalore,Mobile,Electronics,6.0,2641.0,15846,5
151,2023-05-31,1005,Bangalore,Mobile,Electronics,7.0,2229.0,15603,5
152,2023-06-01,1969,Bangalore,Laptop,Accessories,5.0,358.0,1790,6
153,2023-06-02,1514,Chennai,Laptop,Gadgets,4.0,3944.0,15776,6
154,2023-06-03,1219,Delhi,Tablet,Accessories,1.0,4167.0,4167,6
155,2023-06-04,1687,Hyderabad,Laptop,Gadgets,7.0,2022.0,14154,6
156,2023-06-05,1177,Hyderabad,Laptop,Accessories,2.0,554.0,1108,6
157,2023-06-06,1168,Delhi,Laptop,Gadgets,8.0,3086.0,24688,6
158,2023-06-07,1950,Hyderabad,Smartwatch,Electronics,5.0,623.0,3115,6
159,2023-06-08,1247,Hyderabad,Tablet,Accessories,9.0,2541.0,22869,6
160,2023-06-09,1687,Mumbai,Tablet,Electronics,6.0,3154.0,18924,6
161,2023-06-10,1476,Mumbai,Smartwatch,Electronics,5.0,4565.0,22825,6
162,2023-06-11,1995,Mumbai,Laptop,Accessories,8.0,427.0,3416,6
163,2023-06-12,1802,Mumbai,Tablet,Accessories,4.0,3762.0,15048,6
164,2023-06-13,1453,Chennai,Headphones,Accessories,6.0,2041.0,12246,6
165,2023-06-14,1032,Hyderabad,Smartwatch,Electronics,1.0,2570.0,2570,6
166,2023-06-15,1567,Hyderabad,Smartwatch,Gadgets,8.0,1758.0,14064,6
167,2023-06-16,1028,Bangalore,Laptop,Accessories,4.0,4108.0,16432,6
168,2023-06-17,1709,Delhi,Smartwatch,Electronics,8.0,3808.0,30464,6
169,2023-06-18,1363,Delhi,Tablet,Gadgets,1.0,4262.0,4262,6
170,2023-06-19,1684,Bangalore,Tablet,Electronics,2.0,4378.0,8756,6
171,2023-06-20,1170,Chennai,Tablet,Electronics,7.0,3083.0,21581,6
172,2023-06-21,1300,Hyderabad,Smartwatch,Electronics,5.0,1055.0,5275,6
173,2023-06-22,1339,Chennai,Tablet,Gadgets,2.0,888.0,1776,6
174,2023-06-23,1764,Hyderabad,Tablet,Accessories,1.0,4276.0,4276,6
175,2023-06-24,1251,Mumbai,Headphones,Electronics,8.0,2506.0,20048,6
176,2023-06-25,1069,Hyderabad,Smartwatch,Accessories,5.0,3821.0,19105,6
177,2023-06-26,1857,Delhi,Laptop,Accessories,8.0,1327.0,10616,6
178,2023-06-27,1605,Chennai,Headphones,Gadgets,8.0,3263.0,26104,6
179,2023-06-28,1607,Chennai,Headphones,Accessories,2.0,2618.0,5236,6
180,2023-06-29,1424,Bangalore,Tablet,Accessories,4.0,1251.0,5004,6
181,2023-06-30,1459,Delhi,Mobile,Accessories,2.0,1578.0,3156,6
182,2023-07-01,1221,Delhi,Headphones,Electronics,4.0,1811.0,7244,7
183,2023-07-02,1621,Hyderabad,Tablet,Electronics,4.0,3180.0,12720,7
184,2023-07-03,1101,Hyderabad,Mobile,Accessories,9.0,108.0,972,7
185,2023-07-04,1339,Hyderabad,Headphones,Gadgets,5.0,4535.0,22675,7
186,2023-07-05,1492,Hyderabad,Smartwatch,Electronics,2.0,957.0,1914,7
187,2023-07-06,1364,Mumbai,Mobile,Accessories,8.0,758.0,6064,7
188,2023-07-07,1117,Delhi,Headphones,Electronics,8.0,1188.0,9504,7
189,2023-07-08,1376,Chennai,Laptop,Electronics,8.0,4527.0,36216,7
190,2023-07-09,1422,Delhi,Mobile,Electronics,3.0,1215.0,3645,7
191,2023-07-10,1320,Chennai,Mobile,Accessories,2.0,4606.0,9212,7
192,2023-07-11,1325,Delhi,Mobile,Accessories,6.0,3013.0,18078,7
193,2023-07-12,1037,Delhi,Mobile,Accessories,3.0,3187.0,9561,7
194,2023-07-13,1703,Mumbai,Tablet,Accessories,7.0,4196.0,29372,7
195,2023-07-14,1406,Hyderabad,Tablet,Electronics,4.0,2529.0,10116,7
196,2023-07-15,1968,Chennai,Headphones,Accessories,4.0,1860.0,7440,7
197,2023-07-16,1298,Mumbai,Headphones,Accessories,2.0,4628.0,9256,7
198,2023-07-17,1962,Bangalore,Headphones,Electronics,2.0,3915.0,7830,7
199,2023-07-18,1794,Mumbai,Mobile,Gadgets,4.0,411.0,1644,7
200,2023-07-19,1338,Mumbai,Smartwatch,Gadgets,4.0,302.0,1208,7
201,2023-07-20,1898,Delhi,Laptop,Gadgets,8.0,3924.0,31392,7
202,2023-07-21,1483,Hyderabad,Mobile,Accessories,1.0,4642.0,4642,7
203,2023-07-22,1526,Chennai,Mobile,Accessories,2.0,1002.0,2004,7
204,2023-07-23,1993,Mumbai,Laptop,Electronics,2.0,3896.0,7792,7
205,2023-07-24,1753,Chennai,Smartwatch,Accessories,1.0,3888.0,3888,7
206,2023-07-25,1935,Bangalore,Smartwatch,Gadgets,2.0,2357.0,4714,7
207,2023-07-26,1842,Mumbai,Tablet,Gadgets,6.0,2878.0,17268,7
208,2023-07-27,1376,Hyderabad,Mobile,Gadgets,6.0,2404.0,14424,7
209,2023-07-28,1375,Mumbai,Headphones,Electronics,9.0,3862.0,34758,7
210,2023-07-29,1616,Chennai,Mobile,Accessories,7.0,3822.0,26754,7
211,2023-07-30,1865,Chennai,Tablet,Gadgets,1.0,1397.0,1397,7
212,2023-07-31,1643,Bangalore,Mobile,Accessories,8.0,1638.0,13104,7
213,2023-08-01,1503,Bangalore,Tablet,Accessories,1.0,1786.0,1786,8
214,2023-08-02,1574,Hyderabad,Laptop,Gadgets,6.0,1190.0,7140,8
215,2023-08-03,1231,Bangalore,Laptop,Electronics,8.0,904.0,7232,8
216,2023-08-04,1877,Bangalore,Headphones,Accessories,3.0,1615.0,4845,8
217,2023-08-05,1963,Chennai,Tablet,Gadgets,8.0,2002.0,16016,8
218,2023-08-06,1099,Chennai,Tablet,Electronics,4.0,753.0,3012,8
219,2023-08-07,1315,Mumbai,Mobile,Accessories,7.0,434.0,3038,8
220,2023-08-08,1517,Bangalore,Headphones,Accessories,5.0,4314.0,21570,8
221,2023-08-09,1408,Bangalore,Smartwatch,Accessories,9.0,2453.0,22077,8
222,2023-08-10,1269,Mumbai,Tablet,Gadgets,7.0,1922.0,13454,8
223,2023-08-11,1866,Hyderabad,Tablet,Electronics,2.0,4380.0,8760,8
224,2023-08-12,1034,Chennai,Headphones,Gadgets,5.0,2555.0,12775,8
225,2023-08-13,1057,Hyderabad,Tablet,Accessories,6.0,3440.0,20640,8
226,2023-08-14,1822,Hyderabad,Laptop,Accessories,3.0,1099.0,3297,8
227,2023-08-15,1564,Mumbai,Smartwatch,Electronics,9.0,164.0,1476,8
228,2023-08-16,1358,Delhi,Headphones,Electronics,2.0,1457.0,2914,8
229,2023-08-17,1940,Mumbai,Tablet,Electronics,9.0,4664.0,41976,8
230,2023-08-18,1667,Delhi,Mobile,Gadgets,5.0,2895.0,14475,8
231,2023-08-19,1052,Chennai,Headphones,Electronics,4.0,720.0,2880,8
232,2023-08-20,1821,Delhi,Smartwatch,Gadgets,4.0,2135.0,8540,8
233,2023-08-21,1400,Delhi,Mobile,Electronics,7.0,3199.0,22393,8
234,2023-08-22,1598,Hyderabad,Laptop,Electronics,7.0,4992.0,34944,8
235,2023-08-23,1397,Mumbai,Smartwatch,Accessories,1.0,3533.0,3533,8
236,2023-08-24,1983,Delhi,Headphones,Accessories,4.0,4637.0,18548,8
237,2023-08-25,1028,Mumbai,Mobile,Electronics,1.0,3597.0,3597,8
238,2023-08-26,1428,Delhi,Mobile,Gadgets,7.0,1252.0,8764,8
239,2023-08-27,1258,Mumbai,Mobile,Gadgets,9.0,3872.0,34848,8
240,2023-08-28,1219,Bangalore,Tablet,Electronics,8.0,4940.0,39520,8
241,2023-08-29,1690,Bangalore,Smartwatch,Gadgets,9.0,3026.0,27234,8
242,2023-08-30,1766,Mumbai,Smartwatch,Accessories,4.0,2182.0,8728,8
243,2023-08-31,1480,Hyderabad,Laptop,Accessories,8.0,509.0,4072,8
244,2023-09-01,1000,Delhi,Tablet,Electronics,1.0,3098.0,3098,9
245,2023-09-02,1827,Bangalore,Headphones,Accessories,7.0,2764.0,19348,9
246,2023-09-03,1977,Delhi,Mobile,Electronics,1.0,3595.0,3595,9
247,2023-09-04,1888,Mumbai,Laptop,Accessories,6.0,1032.0,6192,9
248,2023-09-05,1444,Hyderabad,Tablet,Gadgets,4.0,3692.0,14768,9
249,2023-09-06,1627,Bangalore,Smartwatch,Electronics,7.0,1018.0,7126,9
250,2023-09-07,1611,Chennai,Smartwatch,Accessories,8.0,944.0,7552,9
251,2023-09-08,1222,Bangalore,Tablet,Gadgets,8.0,1484.0,11872,9
252,2023-09-09,1145,Hyderabad,Headphones,Electronics,6.0,3848.0,23088,9
253,2023-09-10,1953,Hyderabad,Mobile,Electronics,2.0,2835.0,5670,9
254,2023-09-11,1897,Bangalore,Smartwatch,Gadgets,3.0,3416.0,10248,9
255,2023-09-12,1175,Bangalore,Laptop,Accessories,6.0,248.0,1488,9
256,2023-09-13,1043,Delhi,Mobile,Electronics,7.0,4132.0,28924,9
257,2023-09-14,1588,Mumbai,Smartwatch,Accessories,8.0,902.0,7216,9
258,2023-09-15,1326,Chennai,Laptop,Gadgets,7.0,2045.0,14315,9
259,2023-09-16,1366,Hyderabad,Tablet,Electronics,5.0,638.0,3190,9
260,2023-09-17,1892,Chennai,Mobile,Accessories,4.0,801.0,3204,9
261,2023-09-18,1682,Bangalore,Tablet,Gadgets,4.0,1843.0,7372,9
262,2023-09-19,1364,Bangalore,Laptop,Electronics,5.0,4997.0,24985,9
263,2023-09-20,1644,Mumbai,Smartwatch,Electronics,6.0,1696.0,10176,9
264,2023-09-21,1663,Hyderabad,Smartwatch,Accessories,8.0,4543.0,36344,9
265,2023-09-22,1829,Hyderabad,Tablet,Gadgets,5.0,4144.0,20720,9
266,2023-09-23,1646,Hyderabad,Headphones,Accessories,2.0,4811.0,9622,9
267,2023-09-24,1181,Delhi,Tablet,Gadgets,7.0,2571.0,17997,9
268,2023-09-25,1446,Chennai,Mobile,Gadgets,5.0,2569.0,12845,9
269,2023-09-26,1988,Chennai,Smartwatch,Gadgets,5.0,3542.0,17710,9
270,2023-09-27,1008,Bangalore,Mobile,Electronics,1.0,237.0,237,9
271,2023-09-28,1558,Chennai,Smartwatch,Gadgets,7.0,1209.0,8463,9
272,2023-09-29,1845,Mumbai,Tablet,Electronics,1.0,3605.0,3605,9
273,2023-09-30,1127,Delhi,Tablet,Electronics,8.0,434.0,3472,9
274,2023-10-01,1881,Chennai,Tablet,Accessories,6.0,530.0,3180,10
275,2023-10-02,1899,Mumbai,Tablet,Gadgets,5.0,4170.0,20850,10
276,2023-10-03,1287,Bangalore,Tablet,Gadgets,9.0,2655.0,23895,10
277,2023-10-04,1133,Bangalore,Smartwatch,Electronics,2.0,3929.0,7858,10
278,2023-10-05,1686,Chennai,Laptop,Gadgets,1.0,3351.0,3351,10
279,2023-10-06,1692,Hyderabad,Mobile,Electronics,7.0,816.0,5712,10
280,2023-10-07,1463,Delhi,Mobile,Gadgets,2.0,336.0,672,10
281,2023-10-08,1659,Bangalore,Mobile,Accessories,5.0,1989.0,9945,10
282,2023-10-09,1669,Chennai,Laptop,Gadgets,6.0,1156.0,6936,10
283,2023-10-10,1130,Delhi,Mobile,Electronics,4.0,3248.0,12992,10
284,2023-10-11,1509,Delhi,Laptop,Electronics,5.0,3870.0,19350,10
285,2023-10-12,1173,Delhi,Headphones,Electronics,4.0,3463.0,13852,10
286,2023-10-13,1367,Chennai,Tablet,Gadgets,9.0,647.0,5823,10
287,2023-10-14,1364,Chennai,Mobile,Electronics,5.0,1556.0,7780,10
288,2023-10-15,1909,Delhi,Mobile,Gadgets,1.0,3413.0,3413,10
289,2023-10-16,1497,Mumbai,Smartwatch,Gadgets,8.0,4853.0,38824,10
290,2023-10-17,1329,Delhi,Headphones,Accessories,3.0,3253.0,9759,10
291,2023-10-18,1151,Bangalore,Tablet,Electronics,4.0,1322.0,5288,10
292,2023-10-19,1606,Mumbai,Headphones,Gadgets,6.0,1729.0,10374,10
293,2023-10-20,1828,Delhi,Tablet,Accessories,7.0,380.0,2660,10
294,2023-10-21,1919,Chennai,Smartwatch,Electronics,7.0,2381.0,16667,10
295,2023-10-22,1660,Bangalore,Mobile,Accessories,3.0,870.0,2610,10
296,2023-10-23,1923,Hyderabad,Headphones,Electronics,3.0,338.0,1014,10
297,2023-10-24,1627,Hyderabad,Tablet,Gadgets,5.0,4949.0,24745,10
298,2023-10-25,1019,Bangalore,Headphones,Accessories,4.0,3953.0,15812,10
299,2023-10-26,1441,Delhi,Headphones,Electronics,4.0,3626.0,14504,10
300,2023-10-27,1597,Delhi,Laptop,Gadgets,1.0,3889.0,3889,10
301,2023-10-28,1579,Delhi,Tablet,Accessories,4.0,4770.0,19080,10
302,2023-10-29,1548,Delhi,Headphones,Electronics,3.0,1901.0,5703,10
303,2023-10-30,1795,Mumbai,Tablet,Electronics,3.0,1323.0,3969,10
304,2023-10-31,1541,Mumbai,Smartwatch,Gadgets,6.0,2769.0,16614,10
305,2023-11-01,1022,Delhi,Headphones,Electronics,1.0,2334.0,2334,11
306,2023-11-02,1264,Bangalore,Smartwatch,Accessories,5.0,4837.0,24185,11
307,2023-11-03,1195,Bangalore,Mobile,Electronics,5.0,1072.0,5360,11
308,2023-11-04,1839,Chennai,Headphones,Gadgets,9.0,2942.0,26478,11
309,2023-11-05,1011,Delhi,Tablet,Gadgets,7.0,1634.0,11438,11
310,2023-11-06,1622,Bangalore,Smartwatch,Accessories,5.0,969.0,4845,11
311,2023-11-07,1982,Hyderabad,Headphones,Accessories,8.0,1885.0,15080,11
312,2023-11-08,1818,Delhi,Laptop,Accessories,3.0,3555.0,10665,11
313,2023-11-09,1582,Mumbai,Tablet,Accessories,8.0,4887.0,39096,11
314,2023-11-10,1577,Chennai,Tablet,Gadgets,4.0,1954.0,7816,11
315,2023-11-11,1275,Delhi,Tablet,Accessories,9.0,4170.0,37530,11
316,2023-11-12,1195,Chennai,Mobile,Gadgets,8.0,3442.0,27536,11
317,2023-11-13,1586,Bangalore,Laptop,Gadgets,2.0,2081.0,4162,11
318,2023-11-14,1002,Delhi,Headphones,Electronics,8.0,2557.0,20456,11
319,2023-11-15,1467,Mumbai,Smartwatch,Electronics,5.0,994.0,4970,11
320,2023-11-16,1912,Hyderabad,Tablet,Electronics,1.0,3746.0,3746,11
321,2023-11-17,1766,Chennai,Laptop,Accessories,2.0,2350.0,4700,11
322,2023-11-18,1336,Hyderabad,Mobile,Accessories,3.0,2663.0,7989,11
323,2023-11-19,1310,Hyderabad,Mobile,Gadgets,4.0,441.0,1764,11
324,2023-11-20,1204,Hyderabad,Tablet,Electronics,6.0,3241.0,19446,11
325,2023-11-21,1879,Chennai,Headphones,Electronics,4.0,2256.0,9024,11
326,2023-11-22,1981,Hyderabad,Mobile,Gadgets,5.0,2437.0,12185,11
327,2023-11-23,1923,Bangalore,Laptop,Gadgets,5.0,3303.0,16515,11
328,2023-11-24,1838,Hyderabad,Tablet,Electronics,5.0,2767.0,13835,11
329,2023-11-25,1131,Hyderabad,Headphones,Gadgets,1.0,718.0,718,11
330,2023-11-26,1847,Mumbai,Headphones,Accessories,9.0,1954.0,17586,11
331,2023-11-27,1041,Mumbai,Mobile,Accessories,9.0,267.0,2403,11
332,2023-11-28,1429,Mumbai,Mobile,Accessories,9.0,4639.0,41751,11
333,2023-11-29,1218,Mumbai,Tablet,Gadgets,9.0,368.0,3312,11
334,2023-11-30,1409,Bangalore,Mobile,Gadgets,4.0,899.0,3596,11
335,2023-12-01,1089,Delhi,Laptop,Accessories,5.0,3880.0,19400,12
336,2023-12-02,1491,Chennai,Laptop,Gadgets,9.0,1715.0,15435,12
337,2023-12-03,1410,Hyderabad,Headphones,Electronics,7.0,3178.0,22246,12
338,2023-12-04,1175,Hyderabad,Headphones,Gadgets,5.0,3903.0,19515,12
339,2023-12-05,1898,Mumbai,Laptop,Accessories,3.0,1353.0,4059,12
340,2023-12-06,1351,Mumbai,Headphones,Accessories,3.0,1242.0,3726,12
341,2023-12-07,1698,Bangalore,Tablet,Gadgets,7.0,2887.0,20209,12
342,2023-12-08,1251,Hyderabad,Laptop,Electronics,4.0,3640.0,14560,12
343,2023-12-09,1488,Chennai,Tablet,Electronics,7.0,2028.0,14196,12
344,2023-12-10,1452,Bangalore,Headphones,Electronics,7.0,4666.0,32662,12
345,2023-12-11,1557,Delhi,Laptop,Accessories,7.0,2901.0,20307,12
346,2023-12-12,1011,Hyderabad,Mobile,Electronics,5.0,2154.0,10770,12
347,2023-12-13,1295,Mumbai,Headphones,Electronics,6.0,3572.0,21432,12
348,2023-12-14,1907,Delhi,Laptop,Accessories,6.0,964.0,5784,12
349,2023-12-15,1645,Delhi,Mobile,Electronics,9.0,3190.0,28710,12
350,2023-12-16,1663,Delhi,Smartwatch,Gadgets,6.0,2230.0,13380,12
351,2023-12-17,1055,Bangalore,Tablet,Accessories,7.0,356.0,2492,12
352,2023-12-18,1775,Chennai,Mobile,Gadgets,6.0,797.0,4782,12
353,2023-12-19,1330,Hyderabad,Headphones,Gadgets,8.0,1077.0,8616,12
354,2023-12-20,1985,Hyderabad,Mobile,Accessories,6.0,4106.0,24636,12
355,2023-12-21,1485,Delhi,Smartwatch,Gadgets,9.0,1625.0,14625,12
356,2023-12-22,1512,Hyderabad,Smartwatch,Electronics,2.0,4404.0,8808,12
357,2023-12-23,1515,Delhi,Mobile,Electronics,2.0,3844.0,7688,12
358,2023-12-24,1932,Bangalore,Laptop,Electronics,6.0,364.0,2184,12
359,2023-12-25,1044,Chennai,Laptop,Accessories,3.0,4201.0,12603,12
360,2023-12-26,1883,Mumbai,Laptop,Electronics,7.0,4615.0,32305,12
361,2023-12-27,1903,Mumbai,Tablet,Accessories,4.0,2458.0,9832,12
362,2023-12-28,1400,Chennai,Laptop,Gadgets,9.0,3112.0,28008,12
363,2023-12-29,1900,Mumbai,Mobile,Accessories,7.0,3323.0,23261,12
364,2023-12-30,1252,Bangalore,Tablet,Electronics,6.0,2804.0,16824,12
365,2023-12-31,1020,Bangalore,Smartwatch,Accessories,6.0,4484.0,26904,12
366,2024-01-01,1874,Chennai,Laptop,Gadgets,1.0,2143.0,2143,1
367,2024-01-02,1297,Chennai,Laptop,Accessories,6.0,3715.0,22290,1
368,2024-01-03,1192,Chennai,Smartwatch,Gadgets,5.0,3196.0,15980,1
369,2024-01-04,1321,Hyderabad,Headphones,Electronics,1.0,494.0,494,1
370,2024-01-05,1358,Chennai,Smartwatch,Accessories,2.0,827.0,1654,1
371,2024-01-06,1498,Hyderabad,Headphones,Accessories,1.0,4189.0,4189,1
372,2024-01-07,1920,Mumbai,Mobile,Accessories,6.0,1245.0,7470,1
373,2024-01-08,1748,Mumbai,Laptop,Accessories,2.0,1300.0,2600,1
374,2024-01-09,1228,Chennai,Tablet,Gadgets,2.0,1283.0,2566,1
375,2024-01-10,1895,Mumbai,Smartwatch,Gadgets,3.0,2044.0,6132,1
376,2024-01-11,1353,Mumbai,Smartwatch,Electronics,4.0,3224.0,12896,1
377,2024-01-12,1542,Delhi,Smartwatch,Electronics,3.0,852.0,2556,1
378,2024-01-13,1755,Delhi,Tablet,Gadgets,7.0,603.0,4221,1
379,2024-01-14,1581,Chennai,Headphones,Electronics,7.0,3224.0,22568,1
380,2024-01-15,1734,Hyderabad,Tablet,Electronics,4.0,1103.0,4412,1
381,2024-01-16,1031,Hyderabad,Headphones,Gadgets,7.0,1573.0,11011,1
382,2024-01-17,1591,Bangalore,Tablet,Gadgets,1.0,2368.0,2368,1
383,2024-01-18,1187,Mumbai,Headphones,Electronics,7.0,1951.0,13657,1
384,2024-01-19,1077,Hyderabad,Smartwatch,Gadgets,5.0,4453.0,22265,1
385,2024-01-20,1910,Bangalore,Mobile,Gadgets,8.0,1997.0,15976,1
386,2024-01-21,1931,Hyderabad,Smartwatch,Electronics,2.0,1010.0,2020,1
387,2024-01-22,1086,Chennai,Tablet,Electronics,2.0,4569.0,9138,1
388,2024-01-23,1155,Bangalore,Mobile,Gadgets,6.0,2278.0,13668,1
389,2024-01-24,1867,Bangalore,Smartwatch,Accessories,2.0,2474.0,4948,1
390,2024-01-25,1632,Delhi,Mobile,Electronics,7.0,891.0,6237,1
391,2024-01-26,1464,Delhi,Tablet,Gadgets,6.0,2075.0,12450,1
392,2024-01-27,1854,Bangalore,Smartwatch,Accessories,4.0,740.0,2960,1
393,2024-01-28,1888,Chennai,Mobile,Accessories,8.0,2066.0,16528,1
394,2024-01-29,1701,Hyderabad,Smartwatch,Gadgets,2.0,3321.0,6642,1
395,2024-01-30,1954,Chennai,Tablet,Accessories,5.0,3796.0,18980,1
396,2024-01-31,1691,Hyderabad,Smartwatch,Accessories,3.0,2058.0,6174,1
397,2024-02-01,1201,Mumbai,Laptop,Accessories,2.0,3610.0,7220,2
398,2024-02-02,1901,Delhi,Mobile,Gadgets,9.0,3506.0,31554,2
399,2024-02-03,1197,Hyderabad,Laptop,Electronics,8.0,4854.0,38832,2
400,2024-02-04,1730,Chennai,Tablet,Gadgets,4.0,4652.0,18608,2
401,2024-02-05,1336,Chennai,Tablet,Electronics,1.0,1614.0,1614,2
402,2024-02-06,1944,Mumbai,Mobile,Electronics,1.0,3198.0,3198,2
403,2024-02-07,1913,Mumbai,Laptop,Gadgets,9.0,3944.0,35496,2
404,2024-02-08,1244,Hyderabad,Headphones,Accessories,9.0,4703.0,42327,2
405,2024-02-09,1202,Chennai,Laptop,Accessories,5.0,4778.0,23890,2
406,2024-02-10,1705,Hyderabad,Headphones,Gadgets,6.0,3673.0,22038,2
407,2024-02-11,1913,Chennai,Laptop,Electronics,7.0,2520.0,17640,2
408,2024-02-12,1686,Delhi,Tablet,Electronics,6.0,1193.0,7158,2
409,2024-02-13,1875,Chennai,Laptop,Electronics,4.0,2013.0,8052,2
410,2024-02-14,1788,Hyderabad,Smartwatch,Gadgets,2.0,1046.0,2092,2
411,2024-02-15,1679,Bangalore,Mobile,Electronics,3.0,135.0,405,2
412,2024-02-16,1404,Mumbai,Tablet,Accessories,2.0,3554.0,7108,2
413,2024-02-17,1269,Mumbai,Laptop,Gadgets,1.0,318.0,318,2
414,2024-02-18,1346,Bangalore,Headphones,Electronics,6.0,4955.0,29730,2
415,2024-02-19,1897,Hyderabad,Smartwatch,Gadgets,2.0,1405.0,2810,2
416,2024-02-20,1736,Bangalore,Laptop,Accessories,8.0,501.0,4008,2
417,2024-02-21,1753,Chennai,Headphones,Accessories,3.0,3572.0,10716,2
418,2024-02-22,1684,Mumbai,Smartwatch,Electronics,9.0,3809.0,34281,2
419,2024-02-23,1625,Hyderabad,Tablet,Electronics,5.0,1447.0,7235,2
420,2024-02-24,1483,Bangalore,Smartwatch,Electronics,8.0,583.0,4664,2
421,2024-02-25,1565,Bangalore,Mobile,Electronics,7.0,4903.0,34321,2
422,2024-02-26,1982,Delhi,Mobile,Electronics,6.0,1358.0,8148,2
423,2024-02-27,1752,Hyderabad,Headphones,Accessories,1.0,3380.0,3380,2
424,2024-02-28,1570,Hyderabad,Mobile,Electronics,7.0,4202.0,29414,2
425,2024-02-29,1954,Hyderabad,Tablet,Gadgets,2.0,2260.0,4520,2
426,2024-03-01,1132,Chennai,Laptop,Accessories,9.0,4547.0,40923,3
427,2024-03-02,1768,Mumbai,Headphones,Electronics,8.0,1747.0,13976,3
428,2024-03-03,1372,Bangalore,Tablet,Electronics,7.0,1907.0,13349,3
429,2024-03-04,1036,Mumbai,Headphones,Accessories,3.0,4125.0,12375,3
430,2024-03-05,1463,Chennai,Tablet,Gadgets,1.0,3133.0,3133,3
431,2024-03-06,1606,Delhi,Headphones,Accessories,6.0,628.0,3768,3
432,2024-03-07,1290,Delhi,Smartwatch,Gadgets,1.0,3855.0,3855,3
433,2024-03-08,1714,Hyderabad,Tablet,Electronics,5.0,400.0,2000,3
434,2024-03-09,1680,Mumbai,Headphones,Electronics,6.0,3730.0,22380,3
435,2024-03-10,1844,Chennai,Headphones,Accessories,1.0,3415.0,3415,3
436,2024-03-11,1766,Delhi,Headphones,Accessories,6.0,2874.0,17244,3
437,2024-03-12,1968,Chennai,Tablet,Gadgets,7.0,4458.0,31206,3
438,2024-03-13,1818,Mumbai,Mobile,Gadgets,5.0,3055.0,15275,3
439,2024-03-14,1655,Bangalore,Smartwatch,Electronics,6.0,2974.0,17844,3
440,2024-03-15,1020,Chennai,Smartwatch,Electronics,5.0,4591.0,22955,3
441,2024-03-16,1112,Bangalore,Headphones,Accessories,6.0,1342.0,8052,3
442,2024-03-17,1519,Mumbai,Smartwatch,Accessories,8.0,4807.0,38456,3
443,2024-03-18,1739,Chennai,Headphones,Accessories,8.0,877.0,7016,3
444,2024-03-19,1460,Bangalore,Laptop,Gadgets,1.0,2038.0,2038,3
445,2024-03-20,1181,Hyderabad,Smartwatch,Electronics,4.0,1875.0,7500,3
446,2024-03-21,1375,Hyderabad,Smartwatch,Accessories,7.0,4652.0,32564,3
447,2024-03-22,1390,Hyderabad,Smartwatch,Accessories,1.0,3934.0,3934,3
448,2024-03-23,1733,Chennai,Headphones,Electronics,7.0,3781.0,26467,3
449,2024-03-24,1930,Hyderabad,Laptop,Gadgets,2.0,2839.0,5678,3
450,2024-03-25,1102,Mumbai,Headphones,Electronics,6.0,857.0,5142,3
451,2024-03-26,1406,Hyderabad,Mobile,Electronics,3.0,2884.0,8652,3
452,2024-03-27,1474,Chennai,Mobile,Gadgets,1.0,2515.0,2515,3
453,2024-03-28,1195,Hyderabad,Mobile,Electronics,4.0,2619.0,10476,3
454,2024-03-29,1018,Delhi,Headphones,Electronics,4.0,1327.0,5308,3
455,2024-03-30,1359,Hyderabad,Smartwatch,Accessories,3.0,4965.0,14895,3
456,2024-03-31,1028,Hyderabad,Laptop,Accessories,4.0,4198.0,16792,3
457,2024-04-01,1386,Chennai,Mobile,Gadgets,3.0,725.0,2175,4
458,2024-04-02,1950,Delhi,Laptop,Gadgets,6.0,3747.0,22482,4
459,2024-04-03,1429,Mumbai,Tablet,Gadgets,3.0,2556.0,7668,4
460,2024-04-04,1195,Chennai,Headphones,Gadgets,8.0,545.0,4360,4
461,2024-04-05,1873,Hyderabad,Tablet,Accessories,4.0,338.0,1352,4
462,2024-04-06,1691,Delhi,Headphones,Gadgets,4.0,1047.0,4188,4
463,2024-04-07,1332,Bangalore,Laptop,Gadgets,7.0,4009.0,28063,4
464,2024-04-08,1183,Hyderabad,Mobile,Electronics,7.0,3953.0,27671,4
465,2024-04-09,1104,Hyderabad,Mobile,Accessories,4.0,2703.0,10812,4
466,2024-04-10,1773,Mumbai,Headphones,Accessories,9.0,1680.0,15120,4
467,2024-04-11,1563,Bangalore,Smartwatch,Accessories,9.0,1608.0,14472,4
468,2024-04-12,1884,Bangalore,Laptop,Electronics,5.0,1140.0,5700,4
469,2024-04-13,1670,Chennai,Headphones,Gadgets,1.0,3871.0,3871,4
470,2024-04-14,1559,Chennai,Mobile,Accessories,1.0,4605.0,4605,4
471,2024-04-15,1784,Delhi,Headphones,Gadgets,2.0,4312.0,8624,4
472,2024-04-16,1357,Delhi,Headphones,Gadgets,5.0,1854.0,9270,4
473,2024-04-17,1266,Chennai,Mobile,Electronics,2.0,2877.0,5754,4
474,2024-04-18,1882,Bangalore,Headphones,Gadgets,9.0,296.0,2664,4
475,2024-04-19,1791,Delhi,Tablet,Gadgets,6.0,363.0,2178,4
476,2024-04-20,1541,Bangalore,Headphones,Electronics,8.0,2663.0,21304,4
477,2024-04-21,1215,Mumbai,Laptop,Electronics,4.0,2468.0,9872,4
478,2024-04-22,1639,Hyderabad,Headphones,Gadgets,5.0,3858.0,19290,4
479,2024-04-23,1098,Mumbai,Laptop,Gadgets,9.0,3840.0,34560,4
480,2024-04-24,1136,Chennai,Laptop,Accessories,5.0,3658.0,18290,4
481,2024-04-25,1782,Chennai,Laptop,Gadgets,8.0,3669.0,29352,4
482,2024-04-26,1639,Mumbai,Tablet,Gadgets,2.0,3707.0,7414,4
483,2024-04-27,1630,Hyderabad,Mobile,Accessories,6.0,4955.0,29730,4
484,2024-04-28,1665,Hyderabad,Smartwatch,Electronics,9.0,2053.0,18477,4
485,2024-04-29,1923,Chennai,Mobile,Accessories,4.0,4067.0,16268,4
486,2024-04-30,1996,Bangalore,Laptop,Electronics,4.0,703.0,2812,4
487,2024-05-01,1421,Mumbai,Smartwatch,Accessories,7.0,2868.0,20076,5
488,2024-05-02,1267,Mumbai,Headphones,Accessories,2.0,2986.0,5972,5
489,2024-05-03,1333,Mumbai,Mobile,Gadgets,5.0,3721.0,18605,5
490,2024-05-04,1664,Mumbai,Headphones,Electronics,3.0,3499.0,10497,5
491,2024-05-05,1368,Hyderabad,Tablet,Gadgets,2.0,2866.0,5732,5
492,2024-05-06,1973,Mumbai,Headphones,Accessories,3.0,2701.0,8103,5
493,2024-05-07,1535,Delhi,Laptop,Electronics,3.0,2327.0,6981,5
494,2024-05-08,1066,Bangalore,Tablet,Gadgets,7.0,3985.0,27895,5
495,2024-05-09,1793,Chennai,Tablet,Accessories,9.0,3758.0,33822,5
496,2024-05-10,1050,Hyderabad,Laptop,Accessories,6.0,2468.0,14808,5
497,2024-05-11,1867,Hyderabad,Tablet,Electronics,8.0,864.0,6912,5
498,2024-05-12,1298,Bangalore,Headphones,Gadgets,8.0,4391.0,35128,5
499,2024-05-13,1222,Chennai,Headphones,Electronics,7.0,1695.0,11865,5
500,2024-05-14,1051,Delhi,Smartwatch,Electronics,9.0,4902.0,44118,5
501,2024-05-15,1380,Delhi,Smartwatch,Gadgets,7.0,737.0,5159,5
502,2024-05-16,1138,Delhi,Laptop,Accessories,5.0,4392.0,21960,5
503,2024-05-17,1710,Mumbai,Laptop,Accessories,5.0,4790.0,23950,5
504,2024-05-18,1606,Bangalore,Mobile,Accessories,8.0,4790.0,38320,5
505,2024-05-19,1854,Mumbai,Tablet,Accessories,2.0,764.0,1528,5
506,2024-05-20,1970,Bangalore,Headphones,Electronics,4.0,4326.0,17304,5
507,2024-05-21,1075,Hyderabad,Mobile,Electronics,5.0,1550.0,7750,5
508,2024-05-22,1771,Chennai,Mobile,Gadgets,9.0,1253.0,11277,5
509,2024-05-23,1726,Bangalore,Headphones,Accessories,4.0,1909.0,7636,5
510,2024-05-24,1775,Chennai,Laptop,Accessories,8.0,4488.0,35904,5
511,2024-05-25,1705,Mumbai,Tablet,Electronics,7.0,1118.0,7826,5
512,2024-05-26,1869,Delhi,Mobile,Accessories,5.0,1789.0,8945,5
513,2024-05-27,1294,Bangalore,Headphones,Electronics,5.0,3750.0,18750,5
514,2024-05-28,1085,Bangalore,Headphones,Accessories,3.0,3582.0,10746,5
515,2024-05-29,1156,Delhi,Tablet,Accessories,5.0,3585.0,17925,5
516,2024-05-30,1039,Chennai,Headphones,Accessories,2.0,4235.0,8470,5
517,2024-05-31,1866,Mumbai,Laptop,Accessories,7.0,3223.0,22561,5
518,2024-06-01,1286,Hyderabad,Tablet,Gadgets,2.0,3069.0,6138,6
519,2024-06-02,1087,Hyderabad,Smartwatch,Accessories,5.0,839.0,4195,6
520,2024-06-03,1901,Chennai,Headphones,Accessories,9.0,3852.0,34668,6
521,2024-06-04,1263,Mumbai,Tablet,Electronics,9.0,200.0,1800,6
522,2024-06-05,1574,Mumbai,Headphones,Electronics,5.0,3581.0,17905,6
523,2024-06-06,1977,Hyderabad,Mobile,Electronics,4.0,204.0,816,6
524,2024-06-07,1517,Hyderabad,Headphones,Electronics,9.0,3270.0,29430,6
525,2024-06-08,1674,Chennai,Tablet,Gadgets,6.0,1431.0,8586,6
526,2024-06-09,1110,Hyderabad,Laptop,Gadgets,8.0,3716.0,29728,6
527,2024-06-10,1422,Bangalore,Laptop,Electronics,8.0,2895.0,23160,6
528,2024-06-11,1666,Mumbai,Tablet,Accessories,2.0,4237.0,8474,6
529,2024-06-12,1844,Bangalore,Laptop,Electronics,7.0,2398.0,16786,6
530,2024-06-13,1536,Chennai,Laptop,Accessories,4.0,2645.0,10580,6
531,2024-06-14,1111,Hyderabad,Mobile,Electronics,3.0,1170.0,3510,6
532,2024-06-15,1181,Bangalore,Smartwatch,Electronics,1.0,1819.0,1819,6
533,2024-06-16,1664,Bangalore,Smartwatch,Gadgets,8.0,4178.0,33424,6
534,2024-06-17,1634,Hyderabad,Mobile,Accessories,4.0,4357.0,17428,6
535,2024-06-18,1972,Bangalore,Laptop,Accessories,6.0,3318.0,19908,6
536,2024-06-19,1902,Hyderabad,Laptop,Electronics,5.0,408.0,2040,6
537,2024-06-20,1840,Chennai,Laptop,Electronics,6.0,1383.0,8298,6
538,2024-06-21,1428,Delhi,Headphones,Gadgets,8.0,2702.0,21616,6
539,2024-06-22,1393,Chennai,Tablet,Accessories,7.0,4346.0,30422,6
540,2024-06-23,1521,Delhi,Mobile,Accessories,7.0,4917.0,34419,6
541,2024-06-24,1851,Delhi,Tablet,Gadgets,6.0,2531.0,15186,6
542,2024-06-25,1565,Chennai,Laptop,Gadgets,4.0,1715.0,6860,6
543,2024-06-26,1198,Hyderabad,Smartwatch,Electronics,4.0,526.0,2104,6
544,2024-06-27,1791,Hyderabad,Smartwatch,Gadgets,5.0,268.0,1340,6
545,2024-06-28,1510,Bangalore,Tablet,Gadgets,8.0,3151.0,25208,6
546,2024-06-29,1976,Delhi,Smartwatch,Gadgets,7.0,3801.0,26607,6
547,2024-06-30,1544,Mumbai,Smartwatch,Accessories,2.0,2898.0,5796,6
548,2024-07-01,1846,Mumbai,Tablet,Gadgets,6.0,1581.0,9486,7
549,2024-07-02,1706,Mumbai,Tablet,Electronics,2.0,4162.0,8324,7
550,2024-07-03,1782,Hyderabad,Smartwatch,Accessories,4.0,3912.0,15648,7
551,2024-07-04,1298,Hyderabad,Mobile,Accessories,8.0,729.0,5832,7
552,2024-07-05,1796,Bangalore,Laptop,Accessories,3.0,3081.0,9243,7
553,2024-07-06,1631,Mumbai,Headphones,Accessories,5.0,4309.0,21545,7
554,2024-07-07,1958,Delhi,Laptop,Electronics,7.0,1364.0,9548,7
555,2024-07-08,1333,Hyderabad,Tablet,Gadgets,5.0,3780.0,18900,7
556,2024-07-09,1737,Chennai,Laptop,Gadgets,3.0,1593.0,4779,7
557,2024-07-10,1323,Delhi,Tablet,Accessories,2.0,3715.0,7430,7
558,2024-07-11,1389,Mumbai,Smartwatch,Gadgets,1.0,2014.0,2014,7
559,2024-07-12,1044,Hyderabad,Headphones,Electronics,4.0,565.0,2260,7
560,2024-07-13,1574,Bangalore,Laptop,Electronics,3.0,832.0,2496,7
561,2024-07-14,1634,Bangalore,Headphones,Electronics,6.0,2831.0,16986,7
562,2024-07-15,1312,Chennai,Tablet,Accessories,8.0,4278.0,34224,7
563,2024-07-16,1831,Delhi,Laptop,Electronics,5.0,1077.0,5385,7
564,2024-07-17,1476,Bangalore,Headphones,Gadgets,7.0,2174.0,15218,7
565,2024-07-18,1382,Mumbai,Laptop,Gadgets,9.0,2175.0,19575,7
566,2024-07-19,1816,Mumbai,Mobile,Gadgets,8.0,1385.0,11080,7
567,2024-07-20,1458,Delhi,Mobile,Accessories,8.0,4682.0,37456,7
568,2024-07-21,1900,Bangalore,Mobile,Accessories,2.0,4262.0,8524,7
569,2024-07-22,1427,Mumbai,Smartwatch,Accessories,7.0,1405.0,9835,7
570,2024-07-23,1467,Bangalore,Smartwatch,Gadgets,9.0,637.0,5733,7
571,2024-07-24,1568,Chennai,Tablet,Electronics,7.0,4822.0,33754,7
572,2024-07-25,1866,Delhi,Headphones,Gadgets,3.0,368.0,1104,7
573,2024-07-26,1287,Mumbai,Smartwatch,Electronics,2.0,2478.0,4956,7
574,2024-07-27,1270,Delhi,Laptop,Electronics,8.0,4932.0,39456,7
575,2024-07-28,1140,Delhi,Tablet,Gadgets,8.0,2592.0,20736,7
576,2024-07-29,1628,Chennai,Mobile,Electronics,5.0,4246.0,21230,7
577,2024-07-30,1314,Mumbai,Headphones,Accessories,2.0,4353.0,8706,7
578,2024-07-31,1434,Hyderabad,Tablet,Gadgets,6.0,4544.0,27264,7
579,2024-08-01,1200,Delhi,Laptop,Gadgets,7.0,613.0,4291,8
580,2024-08-02,1657,Delhi,Laptop,Electronics,5.0,2567.0,12835,8
581,2024-08-03,1498,Hyderabad,Laptop,Gadgets,2.0,3565.0,7130,8
582,2024-08-04,1087,Delhi,Smartwatch,Accessories,3.0,3976.0,11928,8
583,2024-08-05,1886,Bangalore,Laptop,Gadgets,8.0,2550.0,20400,8
584,2024-08-06,1572,Bangalore,Mobile,Electronics,1.0,4144.0,4144,8
585,2024-08-07,1649,Delhi,Mobile,Gadgets,3.0,2683.0,8049,8
586,2024-08-08,1639,Bangalore,Tablet,Electronics,9.0,748.0,6732,8
587,2024-08-09,1649,Bangalore,Laptop,Gadgets,8.0,1041.0,8328,8
588,2024-08-10,1353,Mumbai,Smartwatch,Accessories,2.0,3400.0,6800,8
589,2024-08-11,1744,Hyderabad,Mobile,Accessories,3.0,2326.0,6978,8
590,2024-08-12,1020,Delhi,Tablet,Electronics,2.0,2584.0,5168,8
591,2024-08-13,1035,Bangalore,Laptop,Electronics,6.0,2278.0,13668,8
592,2024-08-14,1944,Delhi,Mobile,Gadgets,1.0,2041.0,2041,8
593,2024-08-15,1686,Delhi,Laptop,Accessories,7.0,773.0,5411,8
594,2024-08-16,1886,Mumbai,Mobile,Electronics,2.0,239.0,478,8
595,2024-08-17,1816,Hyderabad,Laptop,Electronics,7.0,2905.0,20335,8
596,2024-08-18,1135,Hyderabad,Tablet,Electronics,5.0,4521.0,22605,8
597,2024-08-19,1359,Chennai,Laptop,Electronics,6.0,3140.0,18840,8
598,2024-08-20,1903,Bangalore,Mobile,Electronics,3.0,1706.0,5118,8
599,2024-08-21,1048,Bangalore,Tablet,Electronics,4.0,1063.0,4252,8
600,2024-08-22,1618,Delhi,Mobile,Electronics,3.0,4753.0,14259,8
601,2024-08-23,1358,Mumbai,Laptop,Electronics,6.0,4197.0,25182,8
602,2024-08-24,1658,Chennai,Smartwatch,Electronics,1.0,4606.0,4606,8
603,2024-08-25,1754,Bangalore,Tablet,Accessories,1.0,3309.0,3309,8
604,2024-08-26,1328,Bangalore,Headphones,Accessories,8.0,3198.0,25584,8
605,2024-08-27,1801,Bangalore,Smartwatch,Accessories,2.0,1225.0,2450,8
606,2024-08-28,1393,Hyderabad,Laptop,Gadgets,8.0,1582.0,12656,8
607,2024-08-29,1489,Chennai,Mobile,Accessories,2.0,1612.0,3224,8
608,2024-08-30,1653,Delhi,Smartwatch,Gadgets,6.0,3162.0,18972,8
609,2024-08-31,1551,Bangalore,Laptop,Electronics,1.0,1382.0,1382,8
610,2024-09-01,1708,Hyderabad,Tablet,Gadgets,8.0,4466.0,35728,9
611,2024-09-02,1287,Bangalore,Smartwatch,Gadgets,8.0,2171.0,17368,9
612,2024-09-03,1121,Mumbai,Tablet,Accessories,5.0,4515.0,22575,9
613,2024-09-04,1681,Delhi,Smartwatch,Electronics,2.0,3670.0,7340,9
614,2024-09-05,1377,Chennai,Laptop,Gadgets,8.0,1541.0,12328,9
615,2024-09-06,1652,Mumbai,Headphones,Electronics,7.0,3128.0,21896,9
616,2024-09-07,1610,Chennai,Smartwatch,Accessories,3.0,4313.0,12939,9
617,2024-09-08,1735,Hyderabad,Laptop,Gadgets,1.0,2581.0,2581,9
618,2024-09-09,1934,Hyderabad,Laptop,Electronics,2.0,3802.0,7604,9
619,2024-09-10,1893,Chennai,Laptop,Accessories,3.0,4135.0,12405,9
620,2024-09-11,1133,Mumbai,Laptop,Gadgets,1.0,4146.0,4146,9
621,2024-09-12,1916,Bangalore,Laptop,Electronics,3.0,1057.0,3171,9
622,2024-09-13,1448,Delhi,Tablet,Gadgets,7.0,2490.0,17430,9
623,2024-09-14,1519,Mumbai,Laptop,Gadgets,2.0,4197.0,8394,9
624,2024-09-15,1936,Hyderabad,Headphones,Accessories,8.0,1040.0,8320,9
625,2024-09-16,1046,Delhi,Laptop,Electronics,6.0,3717.0,22302,9
626,2024-09-17,1253,Mumbai,Tablet,Gadgets,6.0,4255.0,25530,9
627,2024-09-18,1415,Delhi,Tablet,Electronics,5.0,3886.0,19430,9
628,2024-09-19,1022,Bangalore,Headphones,Electronics,2.0,1903.0,3806,9
629,2024-09-20,1917,Delhi,Headphones,Electronics,8.0,2675.0,21400,9
630,2024-09-21,1738,Bangalore,Laptop,Electronics,4.0,4320.0,17280,9
631,2024-09-22,1098,Hyderabad,Headphones,Electronics,2.0,3829.0,7658,9
632,2024-09-23,1734,Bangalore,Headphones,Gadgets,4.0,1996.0,7984,9
633,2024-09-24,1568,Hyderabad,Laptop,Accessories,2.0,2106.0,4212,9
634,2024-09-25,1605,Mumbai,Laptop,Electronics,5.0,4337.0,21685,9
635,2024-09-26,1061,Delhi,Laptop,Gadgets,1.0,3519.0,3519,9
636,2024-09-27,1848,Hyderabad,Headphones,Gadgets,5.0,1329.0,6645,9
637,2024-09-28,1565,Bangalore,Tablet,Electronics,8.0,4860.0,38880,9
638,2024-09-29,1227,Chennai,Tablet,Gadgets,5.0,4291.0,21455,9
639,2024-09-30,1750,Delhi,Headphones,Gadgets,3.0,1404.0,4212,9
640,2024-10-01,1782,Chennai,Tablet,Electronics,9.0,3981.0,35829,10
641,2024-10-02,1874,Mumbai,Mobile,Accessories,1.0,859.0,859,10
642,2024-10-03,1506,Mumbai,Mobile,Electronics,7.0,4260.0,29820,10
643,2024-10-04,1412,Mumbai,Laptop,Gadgets,2.0,3751.0,7502,10
644,2024-10-05,1364,Bangalore,Laptop,Gadgets,6.0,4865.0,29190,10
645,2024-10-06,1466,Delhi,Laptop,Gadgets,1.0,3098.0,3098,10
646,2024-10-07,1993,Bangalore,Laptop,Electronics,2.0,3863.0,7726,10
647,2024-10-08,1241,Delhi,Laptop,Electronics,1.0,4401.0,4401,10
648,2024-10-09,1553,Chennai,Headphones,Accessories,9.0,216.0,1944,10
649,2024-10-10,1401,Delhi,Headphones,Accessories,5.0,4015.0,20075,10
650,2024-10-11,1340,Mumbai,Mobile,Gadgets,2.0,492.0,984,10
651,2024-10-12,1853,Mumbai,Tablet,Electronics,2.0,3701.0,7402,10
652,2024-10-13,1677,Chennai,Mobile,Accessories,3.0,3848.0,11544,10
653,2024-10-14,1285,Delhi,Headphones,Electronics,7.0,4797.0,33579,10
654,2024-10-15,1909,Hyderabad,Headphones,Gadgets,4.0,4242.0,16968,10
655,2024-10-16,1435,Hyderabad,Mobile,Gadgets,4.0,2492.0,9968,10
656,2024-10-17,1871,Delhi,Mobile,Accessories,1.0,4967.0,4967,10
657,2024-10-18,1947,Chennai,Headphones,Accessories,3.0,1002.0,3006,10
658,2024-10-19,1419,Chennai,Laptop,Gadgets,3.0,517.0,1551,10
659,2024-10-20,1247,Mumbai,Mobile,Accessories,2.0,1768.0,3536,10
660,2024-10-21,1270,Bangalore,Mobile,Accessories,9.0,3294.0,29646,10
661,2024-10-22,1805,Bangalore,Laptop,Gadgets,7.0,1822.0,12754,10
662,2024-10-23,1525,Mumbai,Tablet,Electronics,3.0,275.0,825,10
663,2024-10-24,1192,Chennai,Headphones,Accessories,2.0,787.0,1574,10
664,2024-10-25,1031,Chennai,Mobile,Electronics,5.0,3182.0,15910,10
665,2024-10-26,1145,Chennai,Mobile,Accessories,8.0,4948.0,39584,10
666,2024-10-27,1181,Mumbai,Headphones,Accessories,8.0,1350.0,10800,10
667,2024-10-28,1798,Mumbai,Laptop,Gadgets,9.0,299.0,2691,10
668,2024-10-29,1300,Chennai,Tablet,Gadgets,9.0,3367.0,30303,10
669,2024-10-30,1660,Hyderabad,Smartwatch,Gadgets,7.0,3068.0,21476,10
670,2024-10-31,1252,Hyderabad,Tablet,Accessories,1.0,4180.0,4180,10
671,2024-11-01,1376,Delhi,Mobile,Electronics,4.0,1812.0,7248,11
672,2024-11-02,1940,Chennai,Mobile,Electronics,4.0,3953.0,15812,11
673,2024-11-03,1485,Bangalore,Tablet,Electronics,8.0,3825.0,30600,11
674,2024-11-04,1485,Chennai,Smartwatch,Electronics,8.0,1990.0,15920,11
675,2024-11-05,1481,Bangalore,Tablet,Gadgets,9.0,2268.0,20412,11
676,2024-11-06,1198,Mumbai,Tablet,Accessories,6.0,1448.0,8688,11
677,2024-11-07,1473,Hyderabad,Smartwatch,Electronics,3.0,154.0,462,11
678,2024-11-08,1771,Hyderabad,Smartwatch,Accessories,8.0,1544.0,12352,11
679,2024-11-09,1778,Chennai,Tablet,Electronics,1.0,1895.0,1895,11
680,2024-11-10,1912,Hyderabad,Mobile,Gadgets,1.0,316.0,316,11
681,2024-11-11,1856,Delhi,Mobile,Accessories,4.0,4141.0,16564,11
682,2024-11-12,1735,Mumbai,Headphones,Electronics,8.0,4785.0,38280,11
683,2024-11-13,1566,Bangalore,Tablet,Electronics,5.0,1192.0,5960,11
684,2024-11-14,1034,Hyderabad,Smartwatch,Electronics,6.0,301.0,1806,11
685,2024-11-15,1720,Delhi,Laptop,Electronics,1.0,3799.0,3799,11
686,2024-11-16,1419,Bangalore,Smartwatch,Gadgets,5.0,3586.0,17930,11
687,2024-11-17,1393,Delhi,Smartwatch,Gadgets,4.0,3555.0,14220,11
688,2024-11-18,1901,Chennai,Smartwatch,Electronics,9.0,412.0,3708,11
689,2024-11-19,1760,Hyderabad,Smartwatch,Electronics,5.0,4408.0,22040,11
690,2024-11-20,1993,Bangalore,Headphones,Electronics,2.0,1779.0,3558,11
691,2024-11-21,1227,Bangalore,Laptop,Gadgets,5.0,3131.0,15655,11
692,2024-11-22,1547,Chennai,Laptop,Electronics,3.0,558.0,1674,11
693,2024-11-23,1381,Chennai,Tablet,Gadgets,3.0,2897.0,8691,11
694,2024-11-24,1373,Chennai,Tablet,Gadgets,1.0,1338.0,1338,11
695,2024-11-25,1289,Bangalore,Smartwatch,Gadgets,3.0,1763.0,5289,11
696,2024-11-26,1799,Bangalore,Laptop,Accessories,1.0,4430.0,4430,11
697,2024-11-27,1345,Bangalore,Tablet,Gadgets,7.0,1011.0,7077,11
698,2024-11-28,1393,Delhi,Laptop,Electronics,7.0,2756.0,19292,11
699,2024-11-29,1939,Bangalore,Tablet,Accessories,8.0,3373.0,26984,11
700,2024-11-30,1771,Bangalore,Headphones,Electronics,2.0,967.0,1934,11
701,2024-12-01,1045,Hyderabad,Laptop,Gadgets,5.0,1277.0,6385,12
702,2024-12-02,1118,Chennai,Tablet,Accessories,3.0,1043.0,3129,12
703,2024-12-03,1538,Delhi,Smartwatch,Gadgets,7.0,138.0,966,12
704,2024-12-04,1174,Hyderabad,Smartwatch,Electronics,8.0,2559.0,20472,12
705,2024-12-05,1578,Delhi,Headphones,Electronics,3.0,1326.0,3978,12
706,2024-12-06,1359,Hyderabad,Laptop,Electronics,1.0,2654.0,2654,12
707,2024-12-07,1731,Chennai,Smartwatch,Electronics,3.0,1959.0,5877,12
708,2024-12-08,1231,Hyderabad,Headphones,Electronics,9.0,4987.0,44883,12
709,2024-12-09,1211,Chennai,Mobile,Gadgets,8.0,989.0,7912,12
710,2024-12-10,1903,Bangalore,Mobile,Gadgets,5.0,1299.0,6495,12
711,2024-12-11,1913,Bangalore,Headphones,Accessories,8.0,2754.0,22032,12
712,2024-12-12,1770,Bangalore,Mobile,Electronics,4.0,930.0,3720,12
713,2024-12-13,1472,Hyderabad,Laptop,Gadgets,8.0,4320.0,34560,12
714,2024-12-14,1109,Delhi,Smartwatch,Electronics,9.0,1784.0,16056,12
715,2024-12-15,1238,Delhi,Laptop,Electronics,7.0,2590.0,18130,12
716,2024-12-16,1382,Hyderabad,Headphones,Electronics,9.0,4139.0,37251,12
717,2024-12-17,1081,Delhi,Headphones,Electronics,5.0,2239.0,11195,12
718,2024-12-18,1952,Mumbai,Headphones,Accessories,6.0,1839.0,11034,12
719,2024-12-19,1637,Chennai,Smartwatch,Accessories,3.0,2394.0,7182,12
720,2024-12-20,1252,Mumbai,Tablet,Gadgets,5.0,1853.0,9265,12
721,2024-12-21,1804,Bangalore,Laptop,Gadgets,5.0,1857.0,9285,12
722,2024-12-22,1101,Delhi,Laptop,Gadgets,8.0,2728.0,21824,12
723,2024-12-23,1020,Chennai,Tablet,Accessories,5.0,3276.0,16380,12
724,2024-12-24,1097,Bangalore,Mobile,Accessories,1.0,886.0,886,12
725,2024-12-25,1613,Chennai,Headphones,Accessories,3.0,4512.0,13536,12
726,2024-12-26,1791,Chennai,Tablet,Gadgets,8.0,1944.0,15552,12
727,2024-12-27,1843,Hyderabad,Headphones,Accessories,7.0,893.0,6251,12
728,2024-12-28,1973,Delhi,Smartwatch,Accessories,4.0,4798.0,19192,12
729,2024-12-29,1344,Chennai,Laptop,Electronics,6.0,3875.0,23250,12
730,2024-12-30,1333,Chennai,Smartwatch,Accessories,6.0,579.0,3474,12
731,2024-12-31,1226,Bangalore,Laptop,Gadgets,9.0,1867.0,16803,12
732,2025-01-01,1595,Chennai,Smartwatch,Accessories,3.0,884.0,2652,1
733,2025-01-02,1224,Mumbai,Mobile,Accessories,3.0,3867.0,11601,1
734,2025-01-03,1168,Hyderabad,Laptop,Accessories,5.0,3306.0,16530,1
735,2025-01-04,1609,Mumbai,Mobile,Gadgets,3.0,2614.0,7842,1
736,2025-01-05,1690,Bangalore,Tablet,Electronics,8.0,4576.0,36608,1
737,2025-01-06,1985,Chennai,Mobile,Electronics,1.0,4277.0,4277,1
738,2025-01-07,1199,Chennai,Smartwatch,Accessories,3.0,4199.0,12597,1
739,2025-01-08,1439,Delhi,Smartwatch,Accessories,2.0,3385.0,6770,1
740,2025-01-09,1437,Chennai,Tablet,Gadgets,7.0,528.0,3696,1
741,2025-01-10,1771,Hyderabad,Smartwatch,Electronics,6.0,3965.0,23790,1
742,2025-01-11,1029,Bangalore,Smartwatch,Electronics,4.0,2913.0,11652,1
743,2025-01-12,1585,Chennai,Laptop,Electronics,9.0,3743.0,33687,1
744,2025-01-13,1801,Bangalore,Smartwatch,Accessories,5.0,526.0,2630,1
745,2025-01-14,1765,Hyderabad,Headphones,Electronics,8.0,1848.0,14784,1
746,2025-01-15,1386,Chennai,Smartwatch,Electronics,6.0,2454.0,14724,1
747,2025-01-16,1170,Hyderabad,Tablet,Electronics,1.0,3796.0,3796,1
748,2025-01-17,1515,Mumbai,Laptop,Electronics,4.0,4232.0,16928,1
749,2025-01-18,1725,Chennai,Mobile,Accessories,5.0,1210.0,6050,1
750,2025-01-19,1424,Delhi,Smartwatch,Gadgets,7.0,4375.0,30625,1
751,2025-01-20,1669,Delhi,Laptop,Gadgets,8.0,2828.0,22624,1
752,2025-01-21,1539,Hyderabad,Laptop,Gadgets,5.0,465.0,2325,1
753,2025-01-22,1867,Bangalore,Smartwatch,Accessories,2.0,3518.0,7036,1
754,2025-01-23,1158,Bangalore,Smartwatch,Gadgets,4.0,288.0,1152,1
755,2025-01-24,1650,Hyderabad,Smartwatch,Accessories,5.0,2942.0,14710,1
756,2025-01-25,1452,Mumbai,Headphones,Electronics,4.0,477.0,1908,1
757,2025-01-26,1739,Chennai,Tablet,Accessories,7.0,4268.0,29876,1
758,2025-01-27,1939,Mumbai,Tablet,Electronics,1.0,3320.0,3320,1
759,2025-01-28,1395,Delhi,Mobile,Electronics,3.0,2735.0,8205,1
760,2025-01-29,1770,Chennai,Laptop,Accessories,7.0,3061.0,21427,1
761,2025-01-30,1332,Bangalore,Mobile,Gadgets,6.0,280.0,1680,1
762,2025-01-31,1276,Hyderabad,Mobile,Electronics,6.0,2342.0,14052,1
763,2025-02-01,1337,Chennai,Laptop,Electronics,1.0,2404.0,2404,2
764,2025-02-02,1496,Delhi,Smartwatch,Accessories,7.0,924.0,6468,2
765,2025-02-03,1598,Chennai,Mobile,Accessories,3.0,4287.0,12861,2
766,2025-02-04,1248,Bangalore,Headphones,Gadgets,5.0,1098.0,5490,2
767,2025-02-05,1334,Delhi,Mobile,Electronics,9.0,268.0,2412,2
768,2025-02-06,1238,Bangalore,Headphones,Electronics,5.0,1932.0,9660,2
769,2025-02-07,1278,Mumbai,Tablet,Accessories,3.0,4168.0,12504,2
770,2025-02-08,1604,Chennai,Smartwatch,Gadgets,1.0,1010.0,1010,2
771,2025-02-09,1054,Bangalore,Mobile,Gadgets,8.0,997.0,7976,2
772,2025-02-10,1252,Hyderabad,Tablet,Accessories,2.0,4285.0,8570,2
773,2025-02-11,1289,Mumbai,Mobile,Accessories,7.0,1204.0,8428,2
774,2025-02-12,1112,Delhi,Laptop,Accessories,2.0,4087.0,8174,2
775,2025-02-13,1074,Chennai,Laptop,Electronics,6.0,2712.0,16272,2
776,2025-02-14,1688,Mumbai,Headphones,Accessories,2.0,2610.0,5220,2
777,2025-02-15,1271,Hyderabad,Mobile,Accessories,1.0,3163.0,3163,2
778,2025-02-16,1680,Bangalore,Tablet,Electronics,7.0,934.0,6538,2
779,2025-02-17,1468,Chennai,Mobile,Electronics,1.0,1773.0,1773,2
780,2025-02-18,1437,Delhi,Headphones,Gadgets,7.0,3123.0,21861,2
781,2025-02-19,1364,Mumbai,Tablet,Gadgets,8.0,4010.0,32080,2
782,2025-02-20,1105,Bangalore,Tablet,Electronics,5.0,1291.0,6455,2
783,2025-02-21,1123,Bangalore,Headphones,Electronics,2.0,4915.0,9830,2
784,2025-02-22,1558,Mumbai,Laptop,Electronics,4.0,1182.0,4728,2
785,2025-02-23,1436,Bangalore,Tablet,Accessories,1.0,3280.0,3280,2
786,2025-02-24,1344,Hyderabad,Mobile,Gadgets,2.0,4436.0,8872,2
787,2025-02-25,1190,Bangalore,Mobile,Gadgets,5.0,4342.0,21710,2
788,2025-02-26,1064,Mumbai,Headphones,Electronics,3.0,2393.0,7179,2
789,2025-02-27,1552,Mumbai,Laptop,Electronics,5.0,1947.0,9735,2
790,2025-02-28,1323,Chennai,Laptop,Gadgets,9.0,1293.0,11637,2
791,2025-03-01,1662,Chennai,Smartwatch,Accessories,4.0,1786.0,7144,3
792,2025-03-02,1890,Bangalore,Smartwatch,Electronics,2.0,2161.0,4322,3
793,2025-03-03,1837,Mumbai,Tablet,Accessories,2.0,4675.0,9350,3
794,2025-03-04,1650,Hyderabad,Tablet,Accessories,9.0,4936.0,44424,3
795,2025-03-05,1343,Delhi,Smartwatch,Electronics,5.0,3336.0,16680,3
796,2025-03-06,1153,Delhi,Laptop,Accessories,9.0,2351.0,21159,3
797,2025-03-07,1391,Hyderabad,Mobile,Gadgets,3.0,428.0,1284,3
798,2025-03-08,1955,Mumbai,Headphones,Gadgets,9.0,2625.0,23625,3
799,2025-03-09,1878,Hyderabad,Laptop,Gadgets,4.0,2769.0,11076,3
800,2025-03-10,1225,Chennai,Mobile,Accessories,5.0,3121.0,15605,3
801,2025-03-11,1716,Hyderabad,Laptop,Gadgets,7.0,3399.0,23793,3
802,2025-03-12,1728,Mumbai,Tablet,Electronics,8.0,4982.0,39856,3
803,2025-03-13,1903,Bangalore,Mobile,Accessories,3.0,4678.0,14034,3
804,2025-03-14,1733,Chennai,Headphones,Electronics,2.0,2578.0,5156,3
805,2025-03-15,1143,Mumbai,Mobile,Electronics,8.0,2000.0,16000,3
806,2025-03-16,1721,Delhi,Headphones,Electronics,9.0,4474.0,40266,3
807,2025-03-17,1298,Mumbai,Smartwatch,Electronics,7.0,119.0,833,3
808,2025-03-18,1175,Bangalore,Headphones,Electronics,4.0,2702.0,10808,3
809,2025-03-19,1401,Mumbai,Mobile,Gadgets,2.0,1736.0,3472,3
810,2025-03-20,1985,Mumbai,Mobile,Gadgets,9.0,4557.0,41013,3
811,2025-03-21,1056,Mumbai,Mobile,Electronics,4.0,1412.0,5648,3
812,2025-03-22,1654,Chennai,Smartwatch,Accessories,3.0,603.0,1809,3
813,2025-03-23,1397,Mumbai,Smartwatch,Electronics,9.0,4030.0,36270,3
814,2025-03-24,1117,Bangalore,Laptop,Gadgets,3.0,2885.0,8655,3
815,2025-03-25,1546,Mumbai,Mobile,Gadgets,3.0,1835.0,5505,3
816,2025-03-26,1121,Hyderabad,Laptop,Electronics,2.0,265.0,530,3
817,2025-03-27,1723,Hyderabad,Tablet,Accessories,6.0,1580.0,9480,3
818,2025-03-28,1283,Delhi,Headphones,Accessories,5.0,464.0,2320,3
819,2025-03-29,1968,Bangalore,Mobile,Electronics,1.0,533.0,533,3
820,2025-03-30,1264,Delhi,Laptop,Electronics,5.0,1248.0,6240,3
821,2025-03-31,1087,Chennai,Mobile,Accessories,2.0,4810.0,9620,3
822,2025-04-01,1259,Bangalore,Tablet,Gadgets,3.0,2492.0,7476,4
823,2025-04-02,1686,Delhi,Laptop,Accessories,2.0,387.0,774,4
824,2025-04-03,1611,Delhi,Laptop,Gadgets,4.0,1169.0,4676,4
825,2025-04-04,1670,Bangalore,Headphones,Accessories,5.0,2565.0,12825,4
826,2025-04-05,1469,Mumbai,Laptop,Electronics,2.0,1339.0,2678,4
827,2025-04-06,1757,Hyderabad,Mobile,Gadgets,6.0,1938.0,11628,4
828,2025-04-07,1823,Delhi,Tablet,Electronics,1.0,3895.0,3895,4
829,2025-04-08,1906,Hyderabad,Tablet,Electronics,4.0,592.0,2368,4
830,2025-04-09,1619,Bangalore,Smartwatch,Accessories,8.0,4492.0,35936,4
831,2025-04-10,1099,Bangalore,Laptop,Accessories,8.0,4727.0,37816,4
832,2025-04-11,1890,Chennai,Mobile,Gadgets,2.0,4141.0,8282,4
833,2025-04-12,1906,Bangalore,Laptop,Accessories,7.0,2549.0,17843,4
834,2025-04-13,1517,Hyderabad,Headphones,Electronics,1.0,3955.0,3955,4
835,2025-04-14,1937,Bangalore,Tablet,Gadgets,3.0,1172.0,3516,4
836,2025-04-15,1295,Delhi,Headphones,Electronics,5.0,320.0,1600,4
837,2025-04-16,1363,Mumbai,Headphones,Gadgets,9.0,3812.0,34308,4
838,2025-04-17,1187,Delhi,Mobile,Electronics,7.0,2738.0,19166,4
839,2025-04-18,1251,Hyderabad,Smartwatch,Electronics,2.0,3080.0,6160,4
840,2025-04-19,1172,Hyderabad,Smartwatch,Accessories,6.0,3015.0,18090,4
841,2025-04-20,1251,Delhi,Smartwatch,Gadgets,1.0,4536.0,4536,4
842,2025-04-21,1796,Delhi,Mobile,Accessories,7.0,2355.0,16485,4
843,2025-04-22,1806,Bangalore,Mobile,Electronics,6.0,1298.0,7788,4
844,2025-04-23,1195,Bangalore,Smartwatch,Gadgets,9.0,3249.0,29241,4
845,2025-04-24,1720,Chennai,Mobile,Electronics,9.0,328.0,2952,4
846,2025-04-25,1694,Hyderabad,Mobile,Electronics,2.0,4185.0,8370,4
847,2025-04-26,1408,Bangalore,Smartwatch,Accessories,8.0,314.0,2512,4
848,2025-04-27,1397,Chennai,Tablet,Accessories,9.0,4318.0,38862,4
849,2025-04-28,1180,Bangalore,Headphones,Gadgets,3.0,2211.0,6633,4
850,2025-04-29,1437,Delhi,Tablet,Accessories,9.0,1773.0,15957,4
851,2025-04-30,1313,Delhi,Smartwatch,Accessories,2.0,4122.0,8244,4
852,2025-05-01,1217,Bangalore,Tablet,Accessories,3.0,936.0,2808,5
853,2025-05-02,1272,Bangalore,Tablet,Gadgets,3.0,1688.0,5064,5
854,2025-05-03,1398,Hyderabad,Laptop,Electronics,6.0,4710.0,28260,5
855,2025-05-04,1128,Chennai,Mobile,Accessories,3.0,2677.0,8031,5
856,2025-05-05,1210,Hyderabad,Laptop,Electronics,6.0,4880.0,29280,5
857,2025-05-06,1788,Mumbai,Laptop,Electronics,6.0,1645.0,9870,5
858,2025-05-07,1247,Mumbai,Mobile,Electronics,1.0,2983.0,2983,5
859,2025-05-08,1843,Hyderabad,Mobile,Gadgets,4.0,918.0,3672,5
860,2025-05-09,1987,Mumbai,Smartwatch,Accessories,8.0,4969.0,39752,5
861,2025-05-10,1501,Hyderabad,Headphones,Electronics,2.0,4480.0,8960,5
862,2025-05-11,1886,Hyderabad,Mobile,Electronics,2.0,3478.0,6956,5
863,2025-05-12,1360,Mumbai,Smartwatch,Gadgets,7.0,532.0,3724,5
864,2025-05-13,1177,Mumbai,Laptop,Gadgets,4.0,2646.0,10584,5
865,2025-05-14,1244,Chennai,Mobile,Gadgets,4.0,1802.0,7208,5
866,2025-05-15,1060,Chennai,Tablet,Gadgets,4.0,708.0,2832,5
867,2025-05-16,1918,Hyderabad,Smartwatch,Electronics,9.0,2689.0,24201,5
868,2025-05-17,1715,Bangalore,Headphones,Electronics,3.0,1123.0,3369,5
869,2025-05-18,1710,Mumbai,Tablet,Accessories,9.0,1405.0,12645,5
870,2025-05-19,1354,Mumbai,Headphones,Electronics,4.0,2746.0,10984,5
871,2025-05-20,1794,Hyderabad,Laptop,Gadgets,2.0,1293.0,2586,5
872,2025-05-21,1203,Mumbai,Mobile,Accessories,2.0,1475.0,2950,5
873,2025-05-22,1050,Chennai,Tablet,Gadgets,3.0,1460.0,4380,5
874,2025-05-23,1858,Mumbai,Headphones,Accessories,8.0,1276.0,10208,5
875,2025-05-24,1877,Delhi,Headphones,Accessories,5.0,2954.0,14770,5
876,2025-05-25,1367,Chennai,Headphones,Gadgets,9.0,3652.0,32868,5
877,2025-05-26,1805,Delhi,Laptop,Accessories,8.0,2142.0,17136,5
878,2025-05-27,1649,Mumbai,Smartwatch,Accessories,3.0,4160.0,12480,5
879,2025-05-28,1828,Mumbai,Mobile,Gadgets,8.0,4757.0,38056,5
880,2025-05-29,1266,Bangalore,Laptop,Electronics,8.0,2240.0,17920,5
881,2025-05-30,1023,Bangalore,Tablet,Electronics,1.0,1172.0,1172,5
882,2025-05-31,1481,Bangalore,Tablet,Accessories,8.0,809.0,6472,5
883,2025-06-01,1271,Hyderabad,Mobile,Electronics,6.0,734.0,4404,6
884,2025-06-02,1269,Delhi,Tablet,Accessories,4.0,3234.0,12936,6
885,2025-06-03,1635,Delhi,Tablet,Gadgets,4.0,126.0,504,6
886,2025-06-04,1641,Bangalore,Laptop,Electronics,4.0,2040.0,8160,6
887,2025-06-05,1523,Delhi,Smartwatch,Gadgets,7.0,2956.0,20692,6
888,2025-06-06,1452,Delhi,Headphones,Gadgets,2.0,3149.0,6298,6
889,2025-06-07,1744,Bangalore,Tablet,Accessories,1.0,1690.0,1690,6
890,2025-06-08,1799,Chennai,Smartwatch,Gadgets,7.0,578.0,4046,6
891,2025-06-09,1135,Mumbai,Mobile,Electronics,7.0,2234.0,15638,6
892,2025-06-10,1125,Bangalore,Smartwatch,Electronics,6.0,247.0,1482,6
893,2025-06-11,1521,Mumbai,Headphones,Electronics,8.0,3776.0,30208,6
894,2025-06-12,1713,Hyderabad,Laptop,Electronics,6.0,823.0,4938,6
895,2025-06-13,1720,Mumbai,Headphones,Accessories,9.0,2818.0,25362,6
896,2025-06-14,1234,Chennai,Laptop,Gadgets,6.0,4675.0,28050,6
897,2025-06-15,1625,Chennai,Mobile,Gadgets,4.0,2329.0,9316,6
898,2025-06-16,1151,Bangalore,Headphones,Accessories,1.0,4659.0,4659,6
899,2025-06-17,1541,Mumbai,Laptop,Accessories,3.0,2395.0,7185,6
900,2025-06-18,1743,Chennai,Smartwatch,Accessories,9.0,624.0,5616,6
901,2025-06-19,1739,Bangalore,Laptop,Electronics,5.0,3191.0,15955,6
902,2025-06-20,1053,Hyderabad,Laptop,Accessories,8.0,155.0,1240,6
903,2025-06-21,1108,Chennai,Tablet,Accessories,4.0,3286.0,13144,6
904,2025-06-22,1502,Chennai,Laptop,Gadgets,3.0,966.0,2898,6
905,2025-06-23,1671,Mumbai,Laptop,Accessories,9.0,4572.0,41148,6
906,2025-06-24,1229,Mumbai,Smartwatch,Gadgets,6.0,1405.0,8430,6
907,2025-06-25,1001,Delhi,Headphones,Accessories,9.0,3780.0,34020,6
908,2025-06-26,1097,Delhi,Tablet,Gadgets,7.0,961.0,6727,6
909,2025-06-27,1636,Mumbai,Mobile,Electronics,7.0,3849.0,26943,6
910,2025-06-28,1772,Mumbai,Laptop,Accessories,1.0,2251.0,2251,6
911,2025-06-29,1036,Bangalore,Mobile,Accessories,6.0,3070.0,18420,6
912,2025-06-30,1800,Bangalore,Smartwatch,Electronics,9.0,1160.0,10440,6
913,2025-07-01,1027,Bangalore,Mobile,Electronics,8.0,3423.0,27384,7
914,2025-07-02,1608,Bangalore,Mobile,Electronics,4.0,2740.0,10960,7
915,2025-07-03,1606,Delhi,Tablet,Electronics,1.0,1723.0,1723,7
916,2025-07-04,1633,Hyderabad,Tablet,Electronics,5.0,3898.0,19490,7
917,2025-07-05,1995,Hyderabad,Tablet,Gadgets,7.0,4334.0,30338,7
918,2025-07-06,1910,Chennai,Mobile,Accessories,2.0,717.0,1434,7
919,2025-07-07,1831,Mumbai,Tablet,Accessories,6.0,3120.0,18720,7
920,2025-07-08,1232,Bangalore,Smartwatch,Accessories,8.0,340.0,2720,7
921,2025-07-09,1921,Bangalore,Smartwatch,Electronics,2.0,1816.0,3632,7
922,2025-07-10,1461,Bangalore,Tablet,Accessories,6.0,4453.0,26718,7
923,2025-07-11,1146,Bangalore,Headphones,Accessories,8.0,4618.0,36944,7
924,2025-07-12,1229,Hyderabad,Laptop,Gadgets,4.0,4162.0,16648,7
925,2025-07-13,1328,Chennai,Headphones,Gadgets,7.0,1743.0,12201,7
926,2025-07-14,1593,Bangalore,Tablet,Accessories,1.0,3307.0,3307,7
927,2025-07-15,1258,Chennai,Smartwatch,Gadgets,6.0,2989.0,17934,7
928,2025-07-16,1410,Hyderabad,Tablet,Gadgets,9.0,4178.0,37602,7
929,2025-07-17,1099,Chennai,Smartwatch,Electronics,1.0,2398.0,2398,7
930,2025-07-18,1047,Delhi,Smartwatch,Accessories,2.0,504.0,1008,7
931,2025-07-19,1023,Chennai,Headphones,Electronics,6.0,1170.0,7020,7
932,2025-07-20,1977,Chennai,Laptop,Accessories,2.0,2355.0,4710,7
933,2025-07-21,1732,Mumbai,Smartwatch,Gadgets,9.0,1292.0,11628,7
934,2025-07-22,1195,Delhi,Tablet,Gadgets,7.0,4232.0,29624,7
935,2025-07-23,1380,Chennai,Tablet,Gadgets,6.0,2057.0,12342,7
936,2025-07-24,1085,Chennai,Headphones,Gadgets,7.0,2488.0,17416,7
937,2025-07-25,1611,Chennai,Mobile,Gadgets,4.0,1706.0,6824,7
938,2025-07-26,1976,Chennai,Headphones,Accessories,5.0,499.0,2495,7
939,2025-07-27,1749,Mumbai,Tablet,Accessories,2.0,4548.0,9096,7
940,2025-07-28,1509,Chennai,Headphones,Electronics,1.0,4465.0,4465,7
941,2025-07-29,1762,Bangalore,Laptop,Electronics,4.0,387.0,1548,7
942,2025-07-30,1674,Delhi,Headphones,Electronics,3.0,2849.0,8547,7
943,2025-07-31,1308,Delhi,Smartwatch,Electronics,2.0,4127.0,8254,7
944,2025-08-01,1250,Hyderabad,Laptop,Gadgets,5.0,1253.0,6265,8
945,2025-08-02,1840,Chennai,Laptop,Electronics,6.0,3047.0,18282,8
946,2025-08-03,1000,Chennai,Smartwatch,Accessories,1.0,376.0,376,8
947,2025-08-04,1757,Hyderabad,Mobile,Electronics,8.0,2740.0,21920,8
948,2025-08-05,1758,Mumbai,Mobile,Gadgets,5.0,1298.0,6490,8
949,2025-08-06,1848,Bangalore,Tablet,Gadgets,5.0,1489.0,7445,8
950,2025-08-07,1858,Chennai,Smartwatch,Gadgets,6.0,4215.0,25290,8
951,2025-08-08,1391,Delhi,Smartwatch,Gadgets,5.0,3048.0,15240,8
952,2025-08-09,1674,Mumbai,Headphones,Accessories,8.0,2860.0,22880,8
953,2025-08-10,1886,Delhi,Headphones,Accessories,9.0,3178.0,28602,8
954,2025-08-11,1392,Chennai,Smartwatch,Gadgets,5.0,469.0,2345,8
955,2025-08-12,1480,Chennai,Mobile,Electronics,2.0,276.0,552,8
956,2025-08-13,1043,Delhi,Smartwatch,Electronics,8.0,697.0,5576,8
957,2025-08-14,1259,Mumbai,Smartwatch,Accessories,5.0,4334.0,21670,8
958,2025-08-15,1087,Hyderabad,Mobile,Electronics,7.0,3744.0,26208,8
959,2025-08-16,1335,Delhi,Tablet,Accessories,8.0,2330.0,18640,8
960,2025-08-17,1824,Bangalore,Headphones,Electronics,3.0,3364.0,10092,8
961,2025-08-18,1433,Mumbai,Headphones,Accessories,3.0,4525.0,13575,8
962,2025-08-19,1129,Chennai,Headphones,Accessories,8.0,4689.0,37512,8
963,2025-08-20,1464,Chennai,Smartwatch,Electronics,6.0,4109.0,24654,8
964,2025-08-21,1660,Delhi,Tablet,Accessories,2.0,399.0,798,8
965,2025-08-22,1739,Mumbai,Headphones,Electronics,3.0,1750.0,5250,8
966,2025-08-23,1002,Bangalore,Mobile,Gadgets,2.0,2349.0,4698,8
967,2025-08-24,1717,Chennai,Headphones,Gadgets,2.0,2042.0,4084,8
968,2025-08-25,1882,Mumbai,Laptop,Gadgets,2.0,708.0,1416,8
969,2025-08-26,1019,Hyderabad,Mobile,Accessories,3.0,2121.0,6363,8
970,2025-08-27,1864,Mumbai,Laptop,Gadgets,2.0,1495.0,2990,8
971,2025-08-28,1554,Hyderabad,Laptop,Accessories,4.0,3843.0,15372,8
972,2025-08-29,1207,Chennai,Smartwatch,Gadgets,6.0,4138.0,24828,8
973,2025-08-30,1752,Bangalore,Laptop,Accessories,4.0,4046.0,16184,8
974,2025-08-31,1601,Mumbai,Mobile,Accessories,2.0,669.0,1338,8
975,2025-09-01,1415,Bangalore,Tablet,Electronics,8.0,3816.0,30528,9
976,2025-09-02,1792,Mumbai,Tablet,Electronics,7.0,3328.0,23296,9
977,2025-09-03,1844,Hyderabad,Laptop,Accessories,4.0,4024.0,16096,9
978,2025-09-04,1514,Chennai,Smartwatch,Accessories,2.0,940.0,1880,9
979,2025-09-05,1357,Bangalore,Tablet,Electronics,5.0,2943.0,14715,9
980,2025-09-06,1659,Mumbai,Smartwatch,Electronics,8.0,4073.0,32584,9
981,2025-09-07,1928,Delhi,Mobile,Electronics,8.0,4257.0,34056,9
982,2025-09-08,1255,Hyderabad,Headphones,Gadgets,3.0,593.0,1779,9
983,2025-09-09,1107,Delhi,Smartwatch,Accessories,9.0,4628.0,41652,9
984,2025-09-10,1137,Bangalore,Smartwatch,Accessories,4.0,2586.0,10344,9
985,2025-09-11,1420,Hyderabad,Smartwatch,Electronics,8.0,2304.0,18432,9
986,2025-09-12,1194,Bangalore,Mobile,Gadgets,1.0,4612.0,4612,9
987,2025-09-13,1835,Mumbai,Laptop,Accessories,8.0,773.0,6184,9
988,2025-09-14,1969,Bangalore,Laptop,Accessories,2.0,234.0,468,9
989,2025-09-15,1402,Chennai,Tablet,Accessories,7.0,2125.0,14875,9
990,2025-09-16,1315,Delhi,Headphones,Electronics,9.0,4995.0,44955,9
991,2025-09-17,1043,Mumbai,Mobile,Accessories,8.0,2166.0,17328,9
992,2025-09-18,1302,Hyderabad,Headphones,Accessories,7.0,130.0,910,9
993,2025-09-19,1399,Chennai,Smartwatch,Gadgets,2.0,4410.0,8820,9
994,2025-09-20,1293,Bangalore,Tablet,Accessories,1.0,3360.0,3360,9
995,2025-09-21,1903,Mumbai,Headphones,Electronics,2.0,3840.0,7680,9
996,2025-09-22,1136,Bangalore,Headphones,Accessories,5.0,3944.0,19720,9
997,2025-09-23,1485,Bangalore,Laptop,Gadgets,1.0,4146.0,4146,9
998,2025-09-24,1319,Delhi,Laptop,Gadgets,5.0,3664.0,18320,9
999,2025-09-25,1510,Delhi,Laptop,Accessories,8.0,4248.0,33984,9
1000,2025-09-26,1912,Chennai,Tablet,Electronics,9.0,4221.0,37989,9
