Order ID,Order Date,Customer ID,City,Product,Category,Quantity,Price,Revenue
1,2023-01-01,1242,Delhi,Tablet,Accessories,5.0,180.0,900
2,2023-01-02,1714,Bangalore,Laptop,Electronics,3.0,4300.0,12900
3,2023-01-03,1331,Mumbai,Headphones,Gadgets,2.0,3782.0,7564
4,2023-01-04,1564,Hyderabad,Laptop,Gadgets,3.0,1756.0,5268
5,2023-01-05,1592,Bangalore,Tablet,Gadgets,3.0,1477.0,4431
6,2023-01-06,1143,,Mobile,Accessories,5.0,4434.0,22170
7,2023-01-07,1526,Delhi,Mobile,Accessories,2.0,3802.0,7604
8,2023-01-08,1930,Delhi,Headphones,Electronics,8.0,3024.0,24192
9,2023-01-09,1270,Chennai,Smartwatch,Gadgets,7.0,4224.0,29568
10,2023-01-10,1748,Delhi,Smartwatch,Gadgets,8.0,925.0,7400
11,2023-01-11,1357,Hyderabad,Laptop,Accessories,7.0,,34475
12,2023-01-12,1757,Mumbai,Smartwatch,Gadgets,9.0,2294.0,20646
13,2023-01-13,1048,Delhi,Tablet,Accessories,5.0,233.0,1165
14,2023-01-14,1019,Chennai,Headphones,Accessories,4.0,4550.0,18200
15,2023-01-15,1277,Bangalore,Mobile,Gadgets,4.0,4771.0,19084
16,2023-01-16,1970,Delhi,Headphones,Electronics,8.0,1463.0,11704
17,2023-01-17,1993,Mumbai,Smartwatch,Electronics,8.0,4552.0,36416
18,2023-01-18,1477,Chennai,Smartwatch,Gadgets,9.0,2922.0,26298
19,2023-01-19,1042,Hyderabad,Smartwatch,Accessories,9.0,3047.0,27423
20,2023-01-20,1607,Bangalore,Laptop,Gadgets,9.0,3662.0,32958
21,2023-01-21,1999,Delhi,Smartwatch,Gadgets,,4552.0,4552
22,2023-01-22,1430,Bangalore,Laptop,Gadgets,3.0,1354.0,4062
23,2023-01-23,1308,Mumbai,Smartwatch,Electronics,7.0,2210.0,15470
24,2023-01-24,1230,Mumbai,Tablet,Electronics,1.0,3693.0,3693
25,2023-01-25,1396,Chennai,Mobile,Accessories,5.0,4044.0,20220
26,2023-01-26,1162,Delhi,Headphones,Accessories,2.0,1200.0,2400
27,2023-01-27,1691,Mumbai,Tablet,Gadgets,7.0,4807.0,33649
28,2023-01-28,1448,Mumbai,Laptop,Electronics,9.0,1340.0,12060
29,2023-01-29,1349,Mumbai,Smartwatch,Gadgets,9.0,3995.0,35955
30,2023-01-30,1281,Bangalore,Mobile,Accessories,8.0,3716.0,29728
31,2023-01-31,1031,Mumbai,Tablet,Electronics,3.0,2215.0,6645
32,2023-02-01,1808,Chennai,Laptop,Gadgets,1.0,4550.0,4550
33,2023-02-02,1277,Mumbai,Headphones,Gadgets,4.0,4545.0,18180
34,2023-02-03,1438,Chennai,Mobile,Gadgets,8.0,4497.0,35976
35,2023-02-04,1624,Bangalore,Tablet,Gadgets,4.0,2106.0,8424
36,2023-02-05,1754,Mumbai,Smartwatch,Electronics,4.0,4739.0,18956
37,2023-02-06,1238,Chennai,Smartwatch,Electronics,1.0,4242.0,4242
38,2023-02-07,1038,Hyderabad,Mobile,Electronics,8.0,2899.0,23192
39,2023-02-08,1530,Delhi,Tablet,Electronics,5.0,399.0,1995
40,2023-02-09,1315,Bangalore,Laptop,Accessories,7.0,2968.0,20776
41,2023-02-10,1152,Bangalore,Headphones,Accessories,7.0,1127.0,7889
42,2023-02-11,1656,Chennai,Tablet,Gadgets,7.0,3280.0,22960
43,2023-02-12,1116,Chennai,Mobile,Gadgets,2.0,456.0,912
44,2023-02-13,1867,Chennai,Smartwatch,Accessories,9.0,3181.0,28629
45,2023-02-14,1308,Hyderabad,Laptop,Accessories,2.0,3544.0,7088
46,2023-02-15,1537,Hyderabad,Headphones,Accessories,4.0,1313.0,5252
47,2023-02-16,1519,Delhi,Tablet,Electronics,7.0,932.0,6524
48,2023-02-17,1962,Delhi,Smartwatch,Electronics,7.0,3750.0,26250
49,2023-02-18,1785,Bangalore,Tablet,Gadgets,8.0,4422.0,35376
50,2023-02-19,1009,Hyderabad,Smartwatch,Electronics,3.0,852.0,2556
51,2023-02-20,1992,Delhi,Tablet,Electronics,6.0,3985.0,23910
52,2023-02-21,1431,Bangalore,Tablet,Accessories,2.0,3351.0,6702
53,2023-02-22,1888,Hyderabad,Laptop,Electronics,2.0,232.0,464
54,2023-02-23,1288,Chennai,Smartwatch,Gadgets,3.0,1113.0,3339
55,2023-02-24,1351,Mumbai,Smartwatch,Accessories,5.0,2359.0,11795
56,2023-02-25,1594,Delhi,Smartwatch,Accessories,7.0,4573.0,32011
57,2023-02-26,1698,Hyderabad,Headphones,Electronics,3.0,547.0,1641
58,2023-02-27,1634,Mumbai,Mobile,Gadgets,9.0,4146.0,37314
59,2023-02-28,1880,Chennai,Mobile,Gadgets,4.0,4943.0,19772
60,2023-03-01,1046,Delhi,Smartwatch,Electronics,1.0,1881.0,1881
61,2023-03-02,1086,Mumbai,Smartwatch,Gadgets,2.0,4235.0,8470
62,2023-03-03,1075,Delhi,Tablet,Accessories,5.0,3178.0,15890
63,2023-03-04,1595,Hyderabad,Mobile,Electronics,3.0,2332.0,6996
64,2023-03-05,1280,Hyderabad,Laptop,Accessories,3.0,2754.0,8262
65,2023-03-06,1085,Mumbai,Smartwatch,Accessories,9.0,294.0,2646
66,2023-03-07,1658,Mumbai,Headphones,Accessories,8.0,3777.0,30216
67,2023-03-08,1531,Bangalore,Smartwatch,Accessories,7.0,2048.0,14336
68,2023-03-09,1708,Chennai,Mobile,Gadgets,9.0,1845.0,16605
69,2023-03-10,1286,Hyderabad,Mobile,Gadgets,5.0,2679.0,13395
70,2023-03-11,1207,Bangalore,Tablet,Electronics,2.0,1220.0,2440
71,2023-03-12,1996,Delhi,Smartwatch,Gadgets,8.0,2653.0,21224
72,2023-03-13,1520,Delhi,Headphones,Electronics,8.0,1794.0,14352
73,2023-03-14,1864,Chennai,Mobile,Gadgets,7.0,3897.0,27279
74,2023-03-15,1445,Delhi,Laptop,Accessories,4.0,320.0,1280
75,2023-03-16,1902,Bangalore,Smartwatch,Accessories,5.0,462.0,2310
76,2023-03-17,1067,Chennai,Smartwatch,Gadgets,6.0,3460.0,20760
77,2023-03-18,1282,Bangalore,Mobile,Electronics,8.0,473.0,3784
78,2023-03-19,1907,Chennai,Smartwatch,Gadgets,1.0,807.0,807
79,2023-03-20,1908,Mumbai,Mobile,Accessories,7.0,4725.0,33075
80,2023-03-21,1391,Chennai,Tablet,Gadgets,7.0,704.0,4928
81,2023-03-22,1853,Bangalore,Mobile,Gadgets,6.0,3892.0,23352
82,2023-03-23,1251,Delhi,Headphones,Electronics,3.0,3981.0,11943
83,2023-03-24,1064,Delhi,Smartwatch,Electronics,9.0,609.0,5481
84,2023-03-25,1134,Bangalore,Smartwatch,Electronics,8.0,1764.0,14112
85,2023-03-26,1772,Delhi,Mobile,Accessories,8.0,842.0,6736
86,2023-03-27,1499,Hyderabad,Laptop,Gadgets,6.0,3469.0,20814
87,2023-03-28,1792,Hyderabad,Tablet,Electronics,6.0,2988.0,17928
88,2023-03-29,1516,Delhi,Laptop,Accessories,2.0,1455.0,2910
89,2023-03-30,1322,Mumbai,Smartwatch,Electronics,5.0,3283.0,16415
90,2023-03-31,1458,Delhi,Mobile,Accessories,9.0,2698.0,24282
91,2023-04-01,1339,Bangalore,Smartwatch,Gadgets,8.0,3062.0,24496
92,2023-04-02,1888,Mumbai,Laptop,Electronics,9.0,728.0,6552
93,2023-04-03,1928,Delhi,Smartwatch,Gadgets,9.0,4686.0,42174
94,2023-04-04,1383,Mumbai,Laptop,Electronics,2.0,4229.0,8458
95,2023-04-05,1960,Delhi,Smartwatch,Gadgets,1.0,3964.0,3964
96,2023-04-06,1292,Chennai,Tablet,Electronics,4.0,951.0,3804
97,2023-04-07,1345,Bangalore,Laptop,Gadgets,7.0,1127.0,7889
98,2023-04-08,1698,Delhi,Headphones,Electronics,2.0,1168.0,2336
99,2023-04-09,1706,Chennai,Laptop,Gadgets,6.0,1851.0,11106
100,2023-04-10,1103,Chennai,Headphones,Gadgets,8.0,2291.0,18328
101,2023-04-11,1806,Mumbai,Laptop,Accessories,3.0,1955.0,5865
102,2023-04-12,1376,Mumbai,Laptop,Electronics,6.0,583.0,3498
103,2023-04-13,1901,Hyderabad,Laptop,Electronics,4.0,4036.0,16144
104,2023-04-14,1391,Mumbai,Mobile,Gadgets,2.0,4556.0,9112
105,2023-04-15,1726,Hyderabad,Headphones,Electronics,8.0,2171.0,17368
106,2023-04-16,1344,Mumbai,Mobile,Accessories,3.0,2077.0,6231
107,2023-04-17,1398,Chennai,Smartwatch,Accessories,9.0,2464.0,22176
108,2023-04-18,1808,Delhi,Tablet,Electronics,6.0,1881.0,11286
109,2023-04-19,1626,Chennai,Mobile,Gadgets,6.0,1160.0,6960
110,2023-04-20,1751,Delhi,Smartwatch,Accessories,8.0,2351.0,18808
111,2023-04-21,1307,Bangalore,Headphones,Electronics,7.0,3043.0,21301
112,2023-04-22,1511,Chennai,Tablet,Accessories,9.0,1196.0,10764
113,2023-04-23,1875,Hyderabad,Laptop,Accessories,4.0,2465.0,9860
114,2023-04-24,1798,Chennai,Tablet,Electronics,2.0,2496.0,4992
115,2023-04-25,1043,Chennai,Mobile,Electronics,6.0,3558.0,21348
116,2023-04-26,1544,Bangalore,Mobile,Accessories,3.0,153.0,459
117,2023-04-27,1829,Bangalore,Tablet,Electronics,2.0,3970.0,7940
118,2023-04-28,1829,Hyderabad,Laptop,Accessories,1.0,1551.0,1551
119,2023-04-29,1510,Chennai,Laptop,Gadgets,1.0,4113.0,4113
120,2023-04-30,1394,Mumbai,Headphones,Gadgets,2.0,3853.0,7706
121,2023-05-01,1447,Hyderabad,Headphones,Gadgets,8.0,2410.0,19280
122,2023-05-02,1714,Mumbai,Mobile,Accessories,8.0,3568.0,28544
123,2023-05-03,1553,Mumbai,Laptop,Accessories,3.0,4297.0,12891
124,2023-05-04,1038,Bangalore,Smartwatch,Gadgets,3.0,207.0,621
125,2023-05-05,1486,Chennai,Headphones,Electronics,8.0,3787.0,30296
126,2023-05-06,1297,Hyderabad,Headphones,Gadgets,5.0,2628.0,13140
127,2023-05-07,1501,Hyderabad,Smartwatch,Accessories,8.0,4635.0,37080
128,2023-05-08,1031,Delhi,Laptop,Accessories,6.0,2937.0,17622
129,2023-05-09,1201,Chennai,Mobile,Accessories,2.0,4322.0,8644
130,2023-05-10,1413,Hyderabad,Smartwatch,Gadgets,2.0,4559.0,9118
131,2023-05-11,1200,Mumbai,Tablet,Electronics,4.0,3036.0,12144
132,2023-05-12,1509,Chennai,Mobile,Electronics,2.0,245.0,490
133,2023-05-13,1373,Bangalore,Headphones,Electronics,8.0,1976.0,15808
134,2023-05-14,1376,Mumbai,Mobile,Electronics,4.0,4769.0,19076
135,2023-05-15,1324,Delhi,Headphones,Gadgets,4.0,3914.0,15656
136,2023-05-16,1458,Chennai,Tablet,Electronics,4.0,3904.0,15616
137,2023-05-17,1319,Delhi,Tablet,Accessories,8.0,3445.0,27560
138,2023-05-18,1162,Mumbai,Tablet,Electronics,1.0,1170.0,1170
139,2023-05-19,1745,Delhi,Headphones,Accessories,9.0,1668.0,15012
140,2023-05-20,1513,Delhi,Laptop,Accessories,2.0,2845.0,5690
141,2023-05-21,1504,Bangalore,Tablet,Electronics,7.0,4459.0,31213
142,2023-05-22,1378,Chennai,Headphones,Accessories,3.0,3502.0,10506
143,2023-05-23,1483,Delhi,Smartwatch,Electronics,2.0,450.0,900
144,2023-05-24,1446,Chennai,Laptop,Accessories,6.0,252.0,1512
145,2023-05-25,1541,Hyderabad,Mobile,Accessories,3.0,4821.0,14463
146,2023-05-26,1476,Delhi,Mobile,Accessories,1.0,3698.0,3698
147,2023-05-27,1131,Mumbai,Headphones,Electronics,8.0,2163.0,17304
148,2023-05-28,1094,Bangalore,Laptop,Gadgets,4.0,3174.0,12696
149,2023-05-29,1131,Hyderabad,Tablet,Gadgets,9.0,158.0,1422
150,2023-05-30,1659,Chennai,Laptop,Accessories,1.0,1612.0,1612
151,2023-05-31,1498,Bangalore,Headphones,Accessories,3.0,4061.0,12183
152,2023-06-01,1454,Mumbai,Tablet,Electronics,5.0,267.0,1335
153,2023-06-02,1952,Mumbai,Laptop,Electronics,2.0,285.0,570
154,2023-06-03,1775,Delhi,Laptop,Electronics,5.0,4427.0,22135
155,2023-06-04,1044,Mumbai,Tablet,Gadgets,9.0,4531.0,40779
156,2023-06-05,1053,Chennai,Mobile,Electronics,5.0,2901.0,14505
157,2023-06-06,1217,Hyderabad,Headphones,Accessories,9.0,234.0,2106
158,2023-06-07,1624,Bangalore,Headphones,Gadgets,1.0,2213.0,2213
159,2023-06-08,1807,Hyderabad,Smartwatch,Accessories,7.0,1369.0,9583
160,2023-06-09,1841,Hyderabad,Smartwatch,Gadgets,8.0,541.0,4328
161,2023-06-10,1243,Bangalore,Smartwatch,Electronics,4.0,443.0,1772
162,2023-06-11,1310,Bangalore,Laptop,Electronics,8.0,1721.0,13768
163,2023-06-12,1331,Bangalore,Smartwatch,Gadgets,9.0,4422.0,39798
164,2023-06-13,1750,Mumbai,Mobile,Accessories,2.0,187.0,374
165,2023-06-14,1603,Delhi,Tablet,Accessories,1.0,827.0,827
166,2023-06-15,1530,Delhi,Smartwatch,Gadgets,3.0,4968.0,14904
167,2023-06-16,1766,Delhi,Laptop,Electronics,3.0,2350.0,7050
168,2023-06-17,1212,Chennai,Smartwatch,Gadgets,6.0,554.0,3324
169,2023-06-18,1580,Bangalore,Headphones,Gadgets,5.0,554.0,2770
170,2023-06-19,1810,Chennai,Smartwatch,Electronics,2.0,1774.0,3548
171,2023-06-20,1390,Mumbai,Smartwatch,Gadgets,1.0,914.0,914
172,2023-06-21,1882,Hyderabad,Laptop,Accessories,4.0,107.0,428
173,2023-06-22,1860,Delhi,Headphones,Electronics,3.0,4429.0,13287
174,2023-06-23,1424,Delhi,Headphones,Electronics,3.0,2308.0,6924
175,2023-06-24,1534,Mumbai,Smartwatch,Electronics,9.0,1786.0,16074
176,2023-06-25,1808,Chennai,Laptop,Electronics,2.0,4726.0,9452
177,2023-06-26,1690,Chennai,Smartwatch,Gadgets,1.0,3654.0,3654
178,2023-06-27,1915,Hyderabad,Mobile,Accessories,2.0,2941.0,5882
179,2023-06-28,1098,Delhi,Laptop,Accessories,6.0,1894.0,11364
180,2023-06-29,1613,Hyderabad,Laptop,Accessories,4.0,3435.0,13740
181,2023-06-30,1374,Mumbai,Laptop,Electronics,6.0,3453.0,20718
182,2023-07-01,1460,Delhi,Tablet,Electronics,9.0,1925.0,17325
183,2023-07-02,1027,Mumbai,Smartwatch,Electronics,9.0,4246.0,38214
184,2023-07-03,1746,Chennai,Smartwatch,Accessories,6.0,4335.0,26010
185,2023-07-04,1801,Hyderabad,Smartwatch,Accessories,7.0,3402.0,23814
186,2023-07-05,1815,Chennai,Laptop,Gadgets,9.0,1216.0,10944
187,2023-07-06,1401,Hyderabad,Headphones,Electronics,2.0,368.0,736
188,2023-07-07,1814,Mumbai,Smartwatch,Electronics,9.0,3597.0,32373
189,2023-07-08,1427,Bangalore,Mobile,Electronics,8.0,509.0,4072
190,2023-07-09,1342,Chennai,Smartwatch,Accessories,4.0,1676.0,6704
191,2023-07-10,1907,Mumbai,Tablet,Gadgets,1.0,1719.0,1719
192,2023-07-11,1471,Delhi,Smartwatch,Gadgets,5.0,1453.0,7265
193,2023-07-12,1716,Bangalore,Smartwatch,Gadgets,8.0,2585.0,20680
194,2023-07-13,1762,Chennai,Tablet,Accessories,5.0,1196.0,5980
195,2023-07-14,1705,Bangalore,Smartwatch,Electronics,7.0,3404.0,23828
196,2023-07-15,1194,Delhi,Headphones,Gadgets,8.0,3550.0,28400
197,2023-07-16,1266,Delhi,Headphones,Electronics,4.0,4101.0,16404
198,2023-07-17,1796,Bangalore,Headphones,Accessories,2.0,326.0,652
199,2023-07-18,1592,Chennai,Smartwatch,Accessories,2.0,610.0,1220
200,2023-07-19,1474,Bangalore,Tablet,Accessories,4.0,4549.0,18196
201,2023-07-20,1042,Bangalore,Tablet,Accessories,2.0,4688.0,9376
202,2023-07-21,1412,Delhi,Mobile,Electronics,9.0,523.0,4707
203,2023-07-22,1819,Chennai,Laptop,Electronics,8.0,2676.0,21408
204,2023-07-23,1566,Chennai,Laptop,Electronics,4.0,3219.0,12876
205,2023-07-24,1653,Bangalore,Headphones,Gadgets,3.0,695.0,2085
206,2023-07-25,1019,Bangalore,Headphones,Accessories,5.0,1983.0,9915
207,2023-07-26,1277,Delhi,Laptop,Gadgets,4.0,398.0,1592
208,2023-07-27,1051,Chennai,Laptop,Accessories,1.0,1378.0,1378
209,2023-07-28,1031,Hyderabad,Headphones,Gadgets,5.0,2355.0,11775
210,2023-07-29,1092,Bangalore,Laptop,Gadgets,1.0,3567.0,3567
211,2023-07-30,1610,Mumbai,Tablet,Electronics,1.0,2674.0,2674
212,2023-07-31,1619,Chennai,Tablet,Gadgets,7.0,2005.0,14035
213,2023-08-01,1853,Mumbai,Mobile,Gadgets,1.0,3588.0,3588
214,2023-08-02,1160,Bangalore,Smartwatch,Electronics,5.0,4289.0,21445
215,2023-08-03,1191,Hyderabad,Headphones,Accessories,4.0,1238.0,4952
216,2023-08-04,1099,Hyderabad,Laptop,Gadgets,5.0,4249.0,21245
217,2023-08-05,1594,Mumbai,Laptop,Electronics,6.0,4148.0,24888
218,2023-08-06,1407,Mumbai,Laptop,Electronics,4.0,2801.0,11204
219,2023-08-07,1919,Bangalore,Smartwatch,Gadgets,5.0,4969.0,24845
220,2023-08-08,1639,Bangalore,Smartwatch,Accessories,8.0,4289.0,34312
221,2023-08-09,1519,Delhi,Tablet,Accessories,1.0,3315.0,3315
222,2023-08-10,1692,Bangalore,Mobile,Electronics,2.0,1896.0,3792
223,2023-08-11,1338,Chennai,Laptop,Electronics,9.0,3820.0,34380
224,2023-08-12,1580,Chennai,Smartwatch,Accessories,4.0,3392.0,13568
225,2023-08-13,1571,Chennai,Laptop,Electronics,5.0,1819.0,9095
226,2023-08-14,1968,Mumbai,Tablet,Electronics,3.0,561.0,1683
227,2023-08-15,1412,Delhi,Laptop,Gadgets,2.0,3627.0,7254
228,2023-08-16,1735,Delhi,Headphones,Accessories,2.0,3699.0,7398
229,2023-08-17,1323,Delhi,Tablet,Accessories,1.0,2489.0,2489
230,2023-08-18,1954,Delhi,Mobile,Electronics,7.0,3247.0,22729
231,2023-08-19,1340,Mumbai,Headphones,Gadgets,2.0,2738.0,5476
232,2023-08-20,1585,Chennai,Smartwatch,Electronics,6.0,3708.0,22248
233,2023-08-21,1111,Chennai,Laptop,Electronics,4.0,551.0,2204
234,2023-08-22,1253,Bangalore,Laptop,Accessories,4.0,4281.0,17124
235,2023-08-23,1467,Bangalore,Laptop,Electronics,6.0,1404.0,8424
236,2023-08-24,1963,Delhi,Tablet,Gadgets,5.0,2165.0,10825
237,2023-08-25,1194,Hyderabad,Smartwatch,Accessories,6.0,1560.0,9360
238,2023-08-26,1378,Hyderabad,Mobile,Gadgets,8.0,3678.0,29424
239,2023-08-27,1874,Delhi,Headphones,Electronics,3.0,1931.0,5793
240,2023-08-28,1608,Mumbai,Smartwatch,Gadgets,3.0,3680.0,11040
241,2023-08-29,1268,Mumbai,Tablet,Gadgets,7.0,2088.0,14616
242,2023-08-30,1536,Bangalore,Smartwatch,Accessories,3.0,4113.0,12339
243,2023-08-31,1554,Hyderabad,Laptop,Gadgets,1.0,1788.0,1788
244,2023-09-01,1747,Chennai,Tablet,Gadgets,4.0,1509.0,6036
245,2023-09-02,1380,Mumbai,Smartwatch,Gadgets,4.0,1374.0,5496
246,2023-09-03,1090,Delhi,Mobile,Accessories,9.0,829.0,7461
247,2023-09-04,1758,Bangalore,Mobile,Electronics,6.0,143.0,858
248,2023-09-05,1200,Chennai,Laptop,Accessories,1.0,2186.0,2186
249,2023-09-06,1295,Chennai,Smartwatch,Accessories,1.0,1260.0,1260
250,2023-09-07,1207,Chennai,Mobile,Gadgets,9.0,2965.0,26685
251,2023-09-08,1152,Chennai,Mobile,Electronics,3.0,2139.0,6417
252,2023-09-09,1743,Bangalore,Laptop,Gadgets,5.0,3412.0,17060
253,2023-09-10,1537,Bangalore,Headphones,Gadgets,4.0,2841.0,11364
254,2023-09-11,1749,Bangalore,Mobile,Gadgets,6.0,289.0,1734
255,2023-09-12,1625,Delhi,Smartwatch,Accessories,9.0,4007.0,36063
256,2023-09-13,1751,Bangalore,Mobile,Electronics,9.0,3888.0,34992
257,2023-09-14,1535,Mumbai,Laptop,Accessories,5.0,3962.0,19810
258,2023-09-15,1685,Bangalore,Headphones,Electronics,3.0,548.0,1644
259,2023-09-16,1664,Chennai,Mobile,Gadgets,3.0,435.0,1305
260,2023-09-17,1799,Bangalore,Mobile,Gadgets,5.0,1690.0,8450
261,2023-09-18,1318,Delhi,Mobile,Electronics,2.0,2600.0,5200
262,2023-09-19,1446,Bangalore,Laptop,Electronics,8.0,1043.0,8344
263,2023-09-20,1114,Delhi,Laptop,Electronics,8.0,3890.0,31120
264,2023-09-21,1119,Delhi,Smartwatch,Electronics,3.0,2560.0,7680
265,2023-09-22,1984,Bangalore,Mobile,Gadgets,2.0,903.0,1806
266,2023-09-23,1711,Bangalore,Headphones,Accessories,1.0,3387.0,3387
267,2023-09-24,1492,Mumbai,Tablet,Electronics,2.0,1554.0,3108
268,2023-09-25,1055,Bangalore,Mobile,Gadgets,9.0,2350.0,21150
269,2023-09-26,1330,Mumbai,Laptop,Gadgets,7.0,3089.0,21623
270,2023-09-27,1357,Hyderabad,Tablet,Electronics,1.0,785.0,785
271,2023-09-28,1442,Delhi,Mobile,Electronics,8.0,4008.0,32064
272,2023-09-29,1441,Hyderabad,Smartwatch,Electronics,7.0,3895.0,27265
273,2023-09-30,1516,Delhi,Mobile,Accessories,4.0,4257.0,17028
274,2023-10-01,1062,Mumbai,Headphones,Accessories,1.0,749.0,749
275,2023-10-02,1291,Chennai,Tablet,Electronics,9.0,4934.0,44406
276,2023-10-03,1064,Chennai,Headphones,Gadgets,1.0,2820.0,2820
277,2023-10-04,1366,Chennai,Mobile,Accessories,9.0,3204.0,28836
278,2023-10-05,1859,Hyderabad,Mobile,Electronics,1.0,292.0,292
279,2023-10-06,1071,Mumbai,Mobile,Electronics,5.0,2505.0,12525
280,2023-10-07,1957,Mumbai,Headphones,Accessories,6.0,3637.0,21822
281,2023-10-08,1645,Mumbai,Smartwatch,Gadgets,4.0,4849.0,19396
282,2023-10-09,1582,Hyderabad,Tablet,Gadgets,6.0,2322.0,13932
283,2023-10-10,1381,Chennai,Headphones,Accessories,8.0,4601.0,36808
284,2023-10-11,1514,Hyderabad,Mobile,Electronics,3.0,4291.0,12873
285,2023-10-12,1538,Bangalore,Laptop,Accessories,1.0,3742.0,3742
286,2023-10-13,1789,Mumbai,Mobile,Gadgets,6.0,3060.0,18360
287,2023-10-14,1154,Chennai,Laptop,Electronics,9.0,4951.0,44559
288,2023-10-15,1918,Bangalore,Headphones,Electronics,5.0,1557.0,7785
289,2023-10-16,1396,Delhi,Mobile,Electronics,9.0,4485.0,40365
290,2023-10-17,1923,Hyderabad,Smartwatch,Electronics,6.0,3665.0,21990
291,2023-10-18,1876,Chennai,Tablet,Electronics,5.0,154.0,770
292,2023-10-19,1531,Bangalore,Smartwatch,Electronics,2.0,2648.0,5296
293,2023-10-20,1052,Mumbai,Headphones,Gadgets,9.0,4417.0,39753
294,2023-10-21,1433,Mumbai,Laptop,Electronics,6.0,815.0,4890
295,2023-10-22,1994,Hyderabad,Tablet,Gadgets,5.0,2424.0,12120
296,2023-10-23,1166,Chennai,Tablet,Accessories,7.0,1387.0,9709
297,2023-10-24,1603,Hyderabad,Smartwatch,Electronics,4.0,2848.0,11392
298,2023-10-25,1896,Delhi,Smartwatch,Gadgets,1.0,1152.0,1152
299,2023-10-26,1470,Hyderabad,Tablet,Electronics,8.0,2820.0,22560
300,2023-10-27,1170,Hyderabad,Tablet,Gadgets,6.0,4039.0,24234
301,2023-10-28,1754,Mumbai,Mobile,Accessories,8.0,2333.0,18664
302,2023-10-29,1096,Chennai,Laptop,Gadgets,6.0,4288.0,25728
303,2023-10-30,1852,Bangalore,Mobile,Accessories,6.0,1234.0,7404
304,2023-10-31,1299,Hyderabad,Smartwatch,Electronics,8.0,1586.0,12688
305,2023-11-01,1844,Hyderabad,Mobile,Accessories,3.0,235.0,705
306,2023-11-02,1584,Chennai,Mobile,Gadgets,2.0,2495.0,4990
307,2023-11-03,1610,Hyderabad,Headphones,Accessories,5.0,4891.0,24455
308,2023-11-04,1976,Bangalore,Smartwatch,Accessories,1.0,4941.0,4941
309,2023-11-05,1442,Bangalore,Mobile,Electronics,1.0,1977.0,1977
310,2023-11-06,1486,Chennai,Mobile,Electronics,3.0,3546.0,10638
311,2023-11-07,1627,Chennai,Headphones,Electronics,3.0,1120.0,3360
312,2023-11-08,1827,Chennai,Mobile,Accessories,9.0,3969.0,35721
313,2023-11-09,1030,Delhi,Laptop,Gadgets,3.0,2191.0,6573
314,2023-11-10,1326,Bangalore,Smartwatch,Accessories,5.0,1172.0,5860
315,2023-11-11,1993,Chennai,Smartwatch,Electronics,1.0,3580.0,3580
316,2023-11-12,1094,Chennai,Smartwatch,Gadgets,7.0,4594.0,32158
317,2023-11-13,1560,Chennai,Laptop,Gadgets,4.0,3859.0,15436
318,2023-11-14,1393,Chennai,Laptop,Gadgets,1.0,1904.0,1904
319,2023-11-15,1750,Chennai,Mobile,Accessories,2.0,1280.0,2560
320,2023-11-16,1814,Bangalore,Tablet,Gadgets,7.0,4413.0,30891
321,2023-11-17,1687,Mumbai,Mobile,Electronics,5.0,3403.0,17015
322,2023-11-18,1200,Bangalore,Headphones,Accessories,1.0,2844.0,2844
323,2023-11-19,1300,Mumbai,Smartwatch,Electronics,6.0,1129.0,6774
324,2023-11-20,1725,Chennai,Mobile,Electronics,2.0,1324.0,2648
325,2023-11-21,1751,Mumbai,Tablet,Gadgets,4.0,3009.0,12036
326,2023-11-22,1553,Hyderabad,Smartwatch,Electronics,5.0,1744.0,8720
327,2023-11-23,1782,Chennai,Laptop,Gadgets,2.0,3641.0,7282
328,2023-11-24,1088,Hyderabad,Smartwatch,Electronics,8.0,3688.0,29504
329,2023-11-25,1555,Hyderabad,Laptop,Gadgets,5.0,3532.0,17660
330,2023-11-26,1104,Mumbai,Smartwatch,Electronics,5.0,3049.0,15245
331,2023-11-27,1866,Bangalore,Headphones,Gadgets,1.0,517.0,517
332,2023-11-28,1931,Mumbai,Smartwatch,Gadgets,2.0,4054.0,8108
333,2023-11-29,1529,Hyderabad,Mobile,Accessories,2.0,2651.0,5302
334,2023-11-30,1795,Mumbai,Tablet,Gadgets,3.0,701.0,2103
335,2023-12-01,1828,Chennai,Headphones,Gadgets,3.0,1714.0,5142
336,2023-12-02,1077,Delhi,Laptop,Electronics,9.0,3223.0,29007
337,2023-12-03,1044,Mumbai,Mobile,Gadgets,7.0,2790.0,19530
338,2023-12-04,1396,Mumbai,Laptop,Accessories,6.0,4533.0,27198
339,2023-12-05,1148,Delhi,Mobile,Gadgets,4.0,1246.0,4984
340,2023-12-06,1715,Bangalore,Smartwatch,Electronics,1.0,2814.0,2814
341,2023-12-07,1190,Hyderabad,Mobile,Gadgets,8.0,2910.0,23280
342,2023-12-08,1130,Chennai,Smartwatch,Gadgets,9.0,1585.0,14265
343,2023-12-09,1404,Bangalore,Tablet,Gadgets,8.0,1021.0,8168
344,2023-12-10,1179,Hyderabad,Smartwatch,Gadgets,3.0,1568.0,4704
345,2023-12-11,1431,Hyderabad,Mobile,Accessories,9.0,2855.0,25695
346,2023-12-12,1905,Chennai,Mobile,Accessories,8.0,1325.0,10600
347,2023-12-13,1857,Chennai,Mobile,Electronics,4.0,2494.0,9976
348,2023-12-14,1329,Bangalore,Mobile,Gadgets,3.0,1193.0,3579
349,2023-12-15,1504,Delhi,Mobile,Accessories,3.0,4645.0,13935
350,2023-12-16,1980,Chennai,Mobile,Electronics,6.0,3867.0,23202
351,2023-12-17,1568,Chennai,Mobile,Accessories,5.0,1262.0,6310
352,2023-12-18,1433,Chennai,Headphones,Electronics,9.0,1613.0,14517
353,2023-12-19,1513,Bangalore,Headphones,Accessories,8.0,3710.0,29680
354,2023-12-20,1679,Mumbai,Mobile,Gadgets,7.0,1198.0,8386
355,2023-12-21,1466,Hyderabad,Tablet,Gadgets,5.0,306.0,1530
356,2023-12-22,1975,Hyderabad,Mobile,Electronics,4.0,2469.0,9876
357,2023-12-23,1294,Bangalore,Mobile,Electronics,6.0,1266.0,7596
358,2023-12-24,1322,Delhi,Headphones,Accessories,9.0,2196.0,19764
359,2023-12-25,1845,Hyderabad,Tablet,Gadgets,2.0,3197.0,6394
360,2023-12-26,1734,Bangalore,Tablet,Electronics,8.0,2115.0,16920
361,2023-12-27,1464,Bangalore,Laptop,Gadgets,9.0,2968.0,26712
362,2023-12-28,1199,Delhi,Laptop,Gadgets,2.0,2521.0,5042
363,2023-12-29,1342,Chennai,Smartwatch,Accessories,7.0,4446.0,31122
364,2023-12-30,1201,Hyderabad,Mobile,Accessories,4.0,372.0,1488
365,2023-12-31,1656,Mumbai,Mobile,Electronics,5.0,991.0,4955
366,2024-01-01,1388,Bangalore,Tablet,Accessories,3.0,1031.0,3093
367,2024-01-02,1321,Chennai,Smartwatch,Electronics,3.0,3344.0,10032
368,2024-01-03,1555,Mumbai,Headphones,Gadgets,3.0,997.0,2991
369,2024-01-04,1407,Hyderabad,Smartwatch,Electronics,5.0,3173.0,15865
370,2024-01-05,1590,Hyderabad,Tablet,Gadgets,3.0,3188.0,9564
371,2024-01-06,1653,Mumbai,Headphones,Accessories,4.0,3462.0,13848
372,2024-01-07,1985,Delhi,Headphones,Electronics,2.0,3460.0,6920
373,2024-01-08,1556,Bangalore,Headphones,Gadgets,8.0,133.0,1064
374,2024-01-09,1941,Mumbai,Tablet,Accessories,3.0,366.0,1098
375,2024-01-10,1739,Mumbai,Tablet,Accessories,2.0,1744.0,3488
376,2024-01-11,1790,Bangalore,Headphones,Electronics,3.0,3118.0,9354
377,2024-01-12,1220,Hyderabad,Smartwatch,Electronics,5.0,4873.0,24365
378,2024-01-13,1642,Mumbai,Mobile,Accessories,1.0,1883.0,1883
379,2024-01-14,1242,Bangalore,Laptop,Gadgets,6.0,4583.0,27498
380,2024-01-15,1423,Bangalore,Headphones,Accessories,7.0,1371.0,9597
381,2024-01-16,1579,Hyderabad,Laptop,Gadgets,9.0,790.0,7110
382,2024-01-17,1195,Mumbai,Smartwatch,Accessories,6.0,4272.0,25632
383,2024-01-18,1215,Mumbai,Laptop,Electronics,6.0,823.0,4938
384,2024-01-19,1463,Bangalore,Tablet,Electronics,2.0,120.0,240
385,2024-01-20,1061,Bangalore,Headphones,Gadgets,8.0,3332.0,26656
386,2024-01-21,1576,Chennai,Mobile,Electronics,5.0,510.0,2550
387,2024-01-22,1723,Bangalore,Mobile,Gadgets,2.0,1242.0,2484
388,2024-01-23,1284,Chennai,Tablet,Accessories,4.0,1512.0,6048
389,2024-01-24,1798,Chennai,Tablet,Gadgets,6.0,2807.0,16842
390,2024-01-25,1312,Mumbai,Mobile,Accessories,1.0,2496.0,2496
391,2024-01-26,1502,Bangalore,Laptop,Gadgets,5.0,3673.0,18365
392,2024-01-27,1965,Bangalore,Laptop,Gadgets,7.0,347.0,2429
393,2024-01-28,1306,Bangalore,Smartwatch,Electronics,5.0,3195.0,15975
394,2024-01-29,1615,Hyderabad,Headphones,Gadgets,9.0,3851.0,34659
395,2024-01-30,1266,Delhi,Tablet,Gadgets,6.0,290.0,1740
396,2024-01-31,1933,Delhi,Smartwatch,Electronics,7.0,4275.0,29925
397,2024-02-01,1474,Chennai,Headphones,Accessories,4.0,3983.0,15932
398,2024-02-02,1234,Bangalore,Headphones,Gadgets,1.0,3211.0,3211
399,2024-02-03,1545,Delhi,Laptop,Gadgets,3.0,4626.0,13878
400,2024-02-04,1927,Mumbai,Headphones,Gadgets,1.0,803.0,803
401,2024-02-05,1585,Delhi,Smartwatch,Electronics,7.0,1798.0,12586
402,2024-02-06,1895,Chennai,Smartwatch,Gadgets,3.0,2550.0,7650
403,2024-02-07,1244,Bangalore,Mobile,Electronics,9.0,3887.0,34983
404,2024-02-08,1065,Mumbai,Tablet,Gadgets,1.0,1514.0,1514
405,2024-02-09,1406,Delhi,Smartwatch,Accessories,5.0,1041.0,5205
406,2024-02-10,1903,Bangalore,Mobile,Accessories,6.0,2047.0,12282
407,2024-02-11,1058,Hyderabad,Laptop,Gadgets,7.0,267.0,1869
408,2024-02-12,1122,Delhi,Headphones,Electronics,8.0,503.0,4024
409,2024-02-13,1635,Hyderabad,Tablet,Electronics,7.0,1261.0,8827
410,2024-02-14,1169,Delhi,Mobile,Accessories,7.0,3006.0,21042
411,2024-02-15,1051,Delhi,Mobile,Accessories,4.0,409.0,1636
412,2024-02-16,1196,Bangalore,Mobile,Accessories,5.0,4101.0,20505
413,2024-02-17,1136,Chennai,Mobile,Accessories,2.0,3283.0,6566
414,2024-02-18,1716,Hyderabad,Headphones,Accessories,4.0,4944.0,19776
415,2024-02-19,1403,Bangalore,Headphones,Gadgets,9.0,1158.0,10422
416,2024-02-20,1929,Chennai,Laptop,Gadgets,3.0,4070.0,12210
417,2024-02-21,1021,Chennai,Tablet,Electronics,4.0,131.0,524
418,2024-02-22,1179,Chennai,Headphones,Gadgets,4.0,2961.0,11844
419,2024-02-23,1416,Mumbai,Tablet,Electronics,8.0,1865.0,14920
420,2024-02-24,1893,Chennai,Smartwatch,Electronics,8.0,4736.0,37888
421,2024-02-25,1471,Bangalore,Smartwatch,Gadgets,6.0,447.0,2682
422,2024-02-26,1201,Bangalore,Mobile,Accessories,8.0,4515.0,36120
423,2024-02-27,1134,Hyderabad,Headphones,Electronics,9.0,4379.0,39411
424,2024-02-28,1026,Mumbai,Mobile,Gadgets,9.0,1275.0,11475
425,2024-02-29,1775,Chennai,Smartwatch,Gadgets,5.0,901.0,4505
426,2024-03-01,1449,Delhi,Tablet,Gadgets,9.0,679.0,6111
427,2024-03-02,1269,Mumbai,Laptop,Accessories,7.0,181.0,1267
428,2024-03-03,1524,Delhi,Smartwatch,Electronics,5.0,4684.0,23420
429,2024-03-04,1021,Hyderabad,Tablet,Accessories,8.0,861.0,6888
430,2024-03-05,1137,Chennai,Laptop,Electronics,6.0,1313.0,7878
431,2024-03-06,1743,Mumbai,Mobile,Accessories,3.0,4717.0,14151
432,2024-03-07,1954,Chennai,Mobile,Accessories,1.0,1067.0,1067
433,2024-03-08,1613,Bangalore,Tablet,Accessories,1.0,2874.0,2874
434,2024-03-09,1463,Chennai,Mobile,Electronics,4.0,594.0,2376
435,2024-03-10,1029,Delhi,Headphones,Accessories,7.0,3324.0,23268
436,2024-03-11,1943,Hyderabad,Headphones,Gadgets,3.0,1804.0,5412
437,2024-03-12,1264,Hyderabad,Tablet,Accessories,6.0,387.0,2322
438,2024-03-13,1827,Mumbai,Tablet,Gadgets,6.0,2997.0,17982
439,2024-03-14,1133,Bangalore,Headphones,Electronics,3.0,295.0,885
440,2024-03-15,1946,Chennai,Mobile,Electronics,5.0,4536.0,22680
441,2024-03-16,1249,Chennai,Headphones,Accessories,5.0,935.0,4675
442,2024-03-17,1942,Mumbai,Tablet,Electronics,1.0,242.0,242
443,2024-03-18,1684,Delhi,Laptop,Electronics,2.0,2953.0,5906
444,2024-03-19,1574,Delhi,Mobile,Accessories,3.0,1288.0,3864
445,2024-03-20,1341,Hyderabad,Laptop,Accessories,4.0,4634.0,18536
446,2024-03-21,1658,Bangalore,Mobile,Gadgets,7.0,3552.0,24864
447,2024-03-22,1504,Mumbai,Mobile,Gadgets,1.0,2523.0,2523
448,2024-03-23,1457,Chennai,Laptop,Accessories,3.0,2883.0,8649
449,2024-03-24,1075,Bangalore,Headphones,Accessories,8.0,4373.0,34984
450,2024-03-25,1674,Hyderabad,Tablet,Gadgets,4.0,2489.0,9956
451,2024-03-26,1162,Bangalore,Tablet,Gadgets,2.0,1075.0,2150
452,2024-03-27,1901,Hyderabad,Headphones,Accessories,2.0,3499.0,6998
453,2024-03-28,1862,Mumbai,Laptop,Electronics,4.0,1115.0,4460
454,2024-03-29,1515,Hyderabad,Headphones,Gadgets,5.0,841.0,4205
455,2024-03-30,1092,Hyderabad,Tablet,Gadgets,7.0,420.0,2940
456,2024-03-31,1690,Bangalore,Headphones,Accessories,9.0,3017.0,27153
457,2024-04-01,1814,Mumbai,Tablet,Electronics,3.0,2582.0,7746
458,2024-04-02,1908,Hyderabad,Laptop,Accessories,4.0,335.0,1340
459,2024-04-03,1636,Chennai,Mobile,Accessories,3.0,595.0,1785
460,2024-04-04,1200,Chennai,Headphones,Gadgets,3.0,847.0,2541
461,2024-04-05,1891,Mumbai,Mobile,Electronics,2.0,3631.0,7262
462,2024-04-06,1745,Chennai,Smartwatch,Gadgets,9.0,232.0,2088
463,2024-04-07,1100,Bangalore,Headphones,Electronics,9.0,2427.0,21843
464,2024-04-08,1554,Chennai,Mobile,Accessories,8.0,1695.0,13560
465,2024-04-09,1572,Chennai,Smartwatch,Accessories,2.0,4701.0,9402
466,2024-04-10,1737,Delhi,Tablet,Accessories,6.0,3475.0,20850
467,2024-04-11,1049,Bangalore,Smartwatch,Electronics,5.0,1170.0,5850
468,2024-04-12,1156,Delhi,Mobile,Gadgets,6.0,3383.0,20298
469,2024-04-13,1599,Chennai,Mobile,Accessories,8.0,1246.0,9968
470,2024-04-14,1298,Chennai,Laptop,Gadgets,3.0,3071.0,9213
471,2024-04-15,1461,Bangalore,Laptop,Accessories,7.0,1804.0,12628
472,2024-04-16,1686,Chennai,Laptop,Electronics,3.0,594.0,1782
473,2024-04-17,1321,Delhi,Smartwatch,Accessories,2.0,4324.0,8648
474,2024-04-18,1169,Hyderabad,Smartwatch,Gadgets,6.0,982.0,5892
475,2024-04-19,1250,Hyderabad,Smartwatch,Accessories,9.0,1705.0,15345
476,2024-04-20,1328,Mumbai,Mobile,Electronics,6.0,2719.0,16314
477,2024-04-21,1362,Chennai,Headphones,Accessories,1.0,4777.0,4777
478,2024-04-22,1606,Chennai,Tablet,Accessories,8.0,669.0,5352
479,2024-04-23,1851,Bangalore,Headphones,Electronics,1.0,4565.0,4565
480,2024-04-24,1347,Hyderabad,Mobile,Accessories,1.0,1609.0,1609
481,2024-04-25,1841,Bangalore,Headphones,Accessories,1.0,4940.0,4940
482,2024-04-26,1200,Delhi,Smartwatch,Electronics,3.0,1616.0,4848
483,2024-04-27,1646,Hyderabad,Tablet,Electronics,2.0,100.0,200
484,2024-04-28,1812,Mumbai,Tablet,Accessories,2.0,2633.0,5266
485,2024-04-29,1371,Bangalore,Mobile,Accessories,6.0,2920.0,17520
486,2024-04-30,1785,Hyderabad,Laptop,Accessories,2.0,3241.0,6482
487,2024-05-01,1001,Mumbai,Tablet,Gadgets,3.0,694.0,2082
488,2024-05-02,1876,Mumbai,Tablet,Electronics,2.0,3281.0,6562
489,2024-05-03,1275,Bangalore,Tablet,Gadgets,6.0,2686.0,16116
490,2024-05-04,1315,Delhi,Laptop,Gadgets,7.0,2414.0,16898
491,2024-05-05,1120,Mumbai,Tablet,Accessories,2.0,955.0,1910
492,2024-05-06,1975,Delhi,Laptop,Electronics,3.0,675.0,2025
493,2024-05-07,1470,Chennai,Tablet,Accessories,9.0,2877.0,25893
494,2024-05-08,1964,Hyderabad,Smartwatch,Electronics,8.0,3854.0,30832
495,2024-05-09,1632,Mumbai,Mobile,Electronics,3.0,1510.0,4530
496,2024-05-10,1063,Hyderabad,Mobile,Accessories,8.0,823.0,6584
497,2024-05-11,1120,Bangalore,Laptop,Electronics,7.0,4282.0,29974
498,2024-05-12,1748,Mumbai,Mobile,Electronics,3.0,4758.0,14274
499,2024-05-13,1410,Hyderabad,Mobile,Electronics,6.0,1315.0,7890
500,2024-05-14,1478,Chennai,Smartwatch,Gadgets,1.0,3387.0,3387
501,2024-05-15,1385,Hyderabad,Tablet,Electronics,8.0,1291.0,10328
502,2024-05-16,1127,Hyderabad,Smartwatch,Gadgets,1.0,3392.0,3392
503,2024-05-17,1881,Bangalore,Laptop,Accessories,7.0,3472.0,24304
504,2024-05-18,1756,Bangalore,Tablet,Gadgets,2.0,2874.0,5748
505,2024-05-19,1850,Hyderabad,Laptop,Gadgets,8.0,4863.0,38904
506,2024-05-20,1022,Chennai,Mobile,Accessories,1.0,1297.0,1297
507,2024-05-21,1022,Mumbai,Smartwatch,Accessories,9.0,3495.0,31455
508,2024-05-22,1577,Chennai,Tablet,Gadgets,5.0,120.0,600
509,2024-05-23,1853,Delhi,Headphones,Gadgets,8.0,2651.0,21208
510,2024-05-24,1680,Chennai,Tablet,Accessories,5.0,2702.0,13510
511,2024-05-25,1967,Delhi,Smartwatch,Gadgets,6.0,2993.0,17958
512,2024-05-26,1829,Mumbai,Mobile,Gadgets,9.0,4820.0,43380
513,2024-05-27,1181,Bangalore,Mobile,Accessories,6.0,1042.0,6252
514,2024-05-28,1934,Mumbai,Laptop,Electronics,2.0,4080.0,8160
515,2024-05-29,1983,Mumbai,Smartwatch,Electronics,9.0,1755.0,15795
516,2024-05-30,1542,Delhi,Smartwatch,Gadgets,8.0,689.0,5512
517,2024-05-31,1442,Chennai,Tablet,Accessories,9.0,3478.0,31302
518,2024-06-01,1968,Mumbai,Headphones,Electronics,1.0,1752.0,1752
519,2024-06-02,1914,Hyderabad,Mobile,Accessories,5.0,3895.0,19475
520,2024-06-03,1683,Bangalore,Mobile,Electronics,8.0,4038.0,32304
521,2024-06-04,1877,Hyderabad,Tablet,Electronics,2.0,786.0,1572
522,2024-06-05,1423,Delhi,Laptop,Electronics,7.0,3837.0,26859
523,2024-06-06,1204,Hyderabad,Headphones,Accessories,3.0,2750.0,8250
524,2024-06-07,1644,Chennai,Mobile,Gadgets,2.0,872.0,1744
525,2024-06-08,1474,Chennai,Laptop,Electronics,9.0,3164.0,28476
526,2024-06-09,1237,Mumbai,Tablet,Gadgets,7.0,1006.0,7042
527,2024-06-10,1344,Hyderabad,Laptop,Accessories,2.0,1025.0,2050
528,2024-06-11,1305,Bangalore,Tablet,Accessories,7.0,1449.0,10143
529,2024-06-12,1032,Hyderabad,Tablet,Gadgets,4.0,4786.0,19144
530,2024-06-13,1950,Delhi,Laptop,Gadgets,9.0,1020.0,9180
531,2024-06-14,1307,Bangalore,Mobile,Accessories,2.0,1105.0,2210
532,2024-06-15,1383,Hyderabad,Tablet,Accessories,7.0,465.0,3255
533,2024-06-16,1170,Bangalore,Tablet,Electronics,1.0,1124.0,1124
534,2024-06-17,1857,Hyderabad,Tablet,Accessories,6.0,1912.0,11472
535,2024-06-18,1242,Mumbai,Laptop,Accessories,4.0,2920.0,11680
536,2024-06-19,1032,Mumbai,Mobile,Electronics,9.0,3017.0,27153
537,2024-06-20,1169,Delhi,Smartwatch,Accessories,5.0,1756.0,8780
538,2024-06-21,1647,Hyderabad,Mobile,Gadgets,4.0,146.0,584
539,2024-06-22,1654,Mumbai,Laptop,Gadgets,8.0,139.0,1112
540,2024-06-23,1375,Bangalore,Headphones,Accessories,8.0,4796.0,38368
541,2024-06-24,1354,Hyderabad,Smartwatch,Gadgets,6.0,2343.0,14058
542,2024-06-25,1969,Chennai,Laptop,Gadgets,3.0,114.0,342
543,2024-06-26,1343,Bangalore,Smartwatch,Accessories,6.0,2820.0,16920
544,2024-06-27,1791,Mumbai,Smartwatch,Electronics,7.0,1952.0,13664
545,2024-06-28,1984,Hyderabad,Smartwatch,Accessories,2.0,3822.0,7644
546,2024-06-29,1390,Mumbai,Headphones,Electronics,8.0,101.0,808
547,2024-06-30,1538,Delhi,Smartwatch,Accessories,8.0,4276.0,34208
548,2024-07-01,1823,Mumbai,Tablet,Gadgets,3.0,2585.0,7755
549,2024-07-02,1691,Delhi,Headphones,Accessories,7.0,4463.0,31241
550,2024-07-03,1152,Chennai,Tablet,Electronics,1.0,2425.0,2425
551,2024-07-04,1507,Chennai,Headphones,Gadgets,5.0,588.0,2940
552,2024-07-05,1106,Hyderabad,Smartwatch,Gadgets,5.0,4938.0,24690
553,2024-07-06,1307,Hyderabad,Laptop,Electronics,5.0,587.0,2935
554,2024-07-07,1386,Chennai,Laptop,Electronics,8.0,1100.0,8800
555,2024-07-08,1692,Hyderabad,Laptop,Electronics,3.0,3067.0,9201
556,2024-07-09,1451,Hyderabad,Headphones,Electronics,6.0,3436.0,20616
557,2024-07-10,1722,Chennai,Smartwatch,Electronics,2.0,3359.0,6718
558,2024-07-11,1991,Bangalore,Mobile,Gadgets,5.0,3194.0,15970
559,2024-07-12,1038,Hyderabad,Laptop,Electronics,9.0,1181.0,10629
560,2024-07-13,1830,Bangalore,Headphones,Electronics,8.0,255.0,2040
561,2024-07-14,1381,Mumbai,Mobile,Accessories,9.0,1475.0,13275
562,2024-07-15,1024,Bangalore,Tablet,Accessories,2.0,1978.0,3956
563,2024-07-16,1090,Mumbai,Smartwatch,Accessories,7.0,1566.0,10962
564,2024-07-17,1056,Chennai,Tablet,Electronics,2.0,903.0,1806
565,2024-07-18,1181,Mumbai,Laptop,Accessories,4.0,4897.0,19588
566,2024-07-19,1098,Chennai,Headphones,Electronics,7.0,2211.0,15477
567,2024-07-20,1339,Bangalore,Tablet,Gadgets,4.0,3464.0,13856
568,2024-07-21,1296,Delhi,Smartwatch,Accessories,1.0,3100.0,3100
569,2024-07-22,1145,Chennai,Headphones,Accessories,4.0,1094.0,4376
570,2024-07-23,1754,Bangalore,Tablet,Accessories,4.0,3451.0,13804
571,2024-07-24,1787,Bangalore,Tablet,Electronics,4.0,1292.0,5168
572,2024-07-25,1188,Mumbai,Smartwatch,Accessories,5.0,1100.0,5500
573,2024-07-26,1805,Hyderabad,Laptop,Electronics,3.0,1846.0,5538
574,2024-07-27,1715,Chennai,Tablet,Accessories,5.0,3770.0,18850
575,2024-07-28,1751,Chennai,Laptop,Accessories,7.0,3494.0,24458
576,2024-07-29,1954,Bangalore,Mobile,Electronics,4.0,174.0,696
577,2024-07-30,1672,Bangalore,Laptop,Gadgets,2.0,1658.0,3316
578,2024-07-31,1268,Hyderabad,Headphones,Accessories,2.0,115.0,230
579,2024-08-01,1597,Hyderabad,Tablet,Accessories,3.0,4489.0,13467
580,2024-08-02,1984,Delhi,Mobile,Electronics,7.0,281.0,1967
581,2024-08-03,1921,Hyderabad,Smartwatch,Electronics,1.0,4607.0,4607
582,2024-08-04,1393,Hyderabad,Smartwatch,Accessories,1.0,3010.0,3010
583,2024-08-05,1152,Chennai,Headphones,Gadgets,6.0,1859.0,11154
584,2024-08-06,1425,Mumbai,Mobile,Gadgets,8.0,1836.0,14688
585,2024-08-07,1912,Bangalore,Smartwatch,Gadgets,5.0,2286.0,11430
586,2024-08-08,1163,Chennai,Headphones,Accessories,9.0,1174.0,10566
587,2024-08-09,1038,Mumbai,Smartwatch,Gadgets,1.0,418.0,418
588,2024-08-10,1741,Mumbai,Laptop,Gadgets,4.0,2096.0,8384
589,2024-08-11,1659,Mumbai,Mobile,Gadgets,7.0,880.0,6160
590,2024-08-12,1748,Mumbai,Smartwatch,Gadgets,9.0,3933.0,35397
591,2024-08-13,1902,Delhi,Headphones,Gadgets,5.0,110.0,550
592,2024-08-14,1125,Bangalore,Mobile,Electronics,6.0,569.0,3414
593,2024-08-15,1789,Chennai,Headphones,Accessories,8.0,1909.0,15272
594,2024-08-16,1392,Delhi,Smartwatch,Gadgets,5.0,4949.0,24745
595,2024-08-17,1314,Delhi,Laptop,Accessories,6.0,3043.0,18258
596,2024-08-18,1204,Delhi,Mobile,Gadgets,3.0,855.0,2565
597,2024-08-19,1523,Hyderabad,Mobile,Accessories,4.0,3717.0,14868
598,2024-08-20,1576,Bangalore,Smartwatch,Electronics,8.0,3200.0,25600
599,2024-08-21,1911,Bangalore,Mobile,Accessories,3.0,3007.0,9021
600,2024-08-22,1676,Bangalore,Tablet,Accessories,5.0,2392.0,11960
601,2024-08-23,1735,Hyderabad,Laptop,Accessories,6.0,502.0,3012
602,2024-08-24,1142,Delhi,Mobile,Electronics,8.0,4237.0,33896
603,2024-08-25,1528,Hyderabad,Headphones,Gadgets,4.0,2298.0,9192
604,2024-08-26,1158,Chennai,Tablet,Gadgets,9.0,185.0,1665
605,2024-08-27,1105,Hyderabad,Headphones,Gadgets,4.0,2572.0,10288
606,2024-08-28,1900,Hyderabad,Headphones,Gadgets,4.0,2625.0,10500
607,2024-08-29,1545,Mumbai,Headphones,Accessories,5.0,4270.0,21350
608,2024-08-30,1690,Delhi,Laptop,Gadgets,5.0,4751.0,23755
609,2024-08-31,1063,Hyderabad,Laptop,Accessories,7.0,2547.0,17829
610,2024-09-01,1447,Bangalore,Headphones,Accessories,9.0,906.0,8154
611,2024-09-02,1547,Delhi,Mobile,Electronics,4.0,4177.0,16708
612,2024-09-03,1394,Chennai,Tablet,Gadgets,6.0,3055.0,18330
613,2024-09-04,1335,Hyderabad,Tablet,Electronics,1.0,4046.0,4046
614,2024-09-05,1464,Delhi,Smartwatch,Accessories,2.0,4593.0,9186
615,2024-09-06,1452,Chennai,Laptop,Accessories,4.0,3348.0,13392
616,2024-09-07,1161,Delhi,Mobile,Gadgets,1.0,4539.0,4539
617,2024-09-08,1245,Bangalore,Headphones,Gadgets,6.0,3137.0,18822
618,2024-09-09,1191,Bangalore,Smartwatch,Accessories,5.0,608.0,3040
619,2024-09-10,1035,Mumbai,Tablet,Gadgets,6.0,754.0,4524
620,2024-09-11,1473,Hyderabad,Smartwatch,Accessories,1.0,3096.0,3096
621,2024-09-12,1893,Delhi,Mobile,Electronics,2.0,1617.0,3234
622,2024-09-13,1780,Bangalore,Mobile,Gadgets,6.0,4968.0,29808
623,2024-09-14,1886,Chennai,Tablet,Accessories,4.0,2357.0,9428
624,2024-09-15,1051,Hyderabad,Laptop,Gadgets,9.0,831.0,7479
625,2024-09-16,1067,Delhi,Mobile,Accessories,6.0,948.0,5688
626,2024-09-17,1319,Hyderabad,Smartwatch,Electronics,1.0,4841.0,4841
627,2024-09-18,1831,Chennai,Laptop,Gadgets,5.0,1277.0,6385
628,2024-09-19,1016,Hyderabad,Tablet,Gadgets,7.0,3481.0,24367
629,2024-09-20,1480,Mumbai,Headphones,Gadgets,9.0,1580.0,14220
630,2024-09-21,1240,Mumbai,Mobile,Gadgets,8.0,1764.0,14112
631,2024-09-22,1856,Bangalore,Mobile,Gadgets,7.0,3409.0,23863
632,2024-09-23,1450,Mumbai,Mobile,Accessories,7.0,4437.0,31059
633,2024-09-24,1277,Mumbai,Headphones,Accessories,6.0,1120.0,6720
634,2024-09-25,1642,Chennai,Smartwatch,Accessories,6.0,2838.0,17028
635,2024-09-26,1868,Mumbai,Laptop,Gadgets,9.0,1749.0,15741
636,2024-09-27,1652,Hyderabad,Headphones,Accessories,7.0,4035.0,28245
637,2024-09-28,1702,Mumbai,Smartwatch,Gadgets,2.0,264.0,528
638,2024-09-29,1662,Hyderabad,Smartwatch,Gadgets,4.0,1308.0,5232
639,2024-09-30,1817,Hyderabad,Headphones,Electronics,8.0,4024.0,32192
640,2024-10-01,1568,Chennai,Smartwatch,Electronics,5.0,2498.0,12490
641,2024-10-02,1082,Delhi,Tablet,Gadgets,9.0,4934.0,44406
642,2024-10-03,1351,Chennai,Mobile,Electronics,1.0,1367.0,1367
643,2024-10-04,1971,Bangalore,Smartwatch,Electronics,9.0,4361.0,39249
644,2024-10-05,1120,Hyderabad,Mobile,Gadgets,4.0,3594.0,14376
645,2024-10-06,1201,Mumbai,Laptop,Electronics,8.0,3978.0,31824
646,2024-10-07,1155,Mumbai,Mobile,Gadgets,4.0,4859.0,19436
647,2024-10-08,1729,Delhi,Headphones,Accessories,6.0,1563.0,9378
648,2024-10-09,1717,Bangalore,Headphones,Electronics,1.0,3012.0,3012
649,2024-10-10,1992,Chennai,Mobile,Accessories,8.0,2271.0,18168
650,2024-10-11,1208,Delhi,Mobile,Gadgets,5.0,2342.0,11710
651,2024-10-12,1571,Delhi,Laptop,Electronics,7.0,4089.0,28623
652,2024-10-13,1947,Chennai,Smartwatch,Accessories,1.0,4134.0,4134
653,2024-10-14,1234,Chennai,Mobile,Accessories,3.0,575.0,1725
654,2024-10-15,1271,Bangalore,Tablet,Electronics,9.0,4083.0,36747
655,2024-10-16,1242,Mumbai,Laptop,Accessories,3.0,3651.0,10953
656,2024-10-17,1411,Bangalore,Headphones,Electronics,5.0,3041.0,15205
657,2024-10-18,1265,Chennai,Smartwatch,Accessories,9.0,211.0,1899
658,2024-10-19,1668,Bangalore,Headphones,Gadgets,4.0,2917.0,11668
659,2024-10-20,1248,Hyderabad,Mobile,Gadgets,2.0,747.0,1494
660,2024-10-21,1623,Hyderabad,Mobile,Gadgets,1.0,307.0,307
661,2024-10-22,1558,Chennai,Mobile,Electronics,2.0,1137.0,2274
662,2024-10-23,1903,Bangalore,Headphones,Gadgets,7.0,2318.0,16226
663,2024-10-24,1663,Hyderabad,Tablet,Electronics,4.0,1905.0,7620
664,2024-10-25,1763,Bangalore,Laptop,Gadgets,8.0,1494.0,11952
665,2024-10-26,1757,Bangalore,Headphones,Accessories,2.0,558.0,1116
666,2024-10-27,1668,Bangalore,Smartwatch,Accessories,4.0,4555.0,18220
667,2024-10-28,1799,Mumbai,Laptop,Electronics,7.0,545.0,3815
668,2024-10-29,1636,Mumbai,Laptop,Accessories,6.0,1081.0,6486
669,2024-10-30,1601,Delhi,Tablet,Accessories,1.0,1015.0,1015
670,2024-10-31,1512,Bangalore,Smartwatch,Accessories,9.0,3905.0,35145
671,2024-11-01,1593,Bangalore,Laptop,Electronics,8.0,3939.0,31512
672,2024-11-02,1885,Bangalore,Headphones,Accessories,1.0,4243.0,4243
673,2024-11-03,1537,Chennai,Smartwatch,Electronics,5.0,1601.0,8005
674,2024-11-04,1006,Bangalore,Mobile,Accessories,1.0,944.0,944
675,2024-11-05,1774,Bangalore,Headphones,Gadgets,2.0,4385.0,8770
676,2024-11-06,1615,Bangalore,Headphones,Accessories,8.0,1228.0,9824
677,2024-11-07,1309,Bangalore,Tablet,Gadgets,1.0,1426.0,1426
678,2024-11-08,1289,Chennai,Laptop,Gadgets,1.0,1920.0,1920
679,2024-11-09,1145,Bangalore,Smartwatch,Electronics,8.0,1892.0,15136
680,2024-11-10,1572,Bangalore,Laptop,Gadgets,6.0,3425.0,20550
681,2024-11-11,1752,Bangalore,Mobile,Gadgets,9.0,3913.0,35217
682,2024-11-12,1604,Chennai,Tablet,Accessories,4.0,2053.0,8212
683,2024-11-13,1519,Bangalore,Laptop,Electronics,2.0,2427.0,4854
684,2024-11-14,1529,Chennai,Mobile,Electronics,1.0,4033.0,4033
685,2024-11-15,1287,Mumbai,Headphones,Accessories,2.0,4089.0,8178
686,2024-11-16,1299,Bangalore,Headphones,Gadgets,9.0,584.0,5256
687,2024-11-17,1096,Hyderabad,Mobile,Electronics,1.0,2354.0,2354
688,2024-11-18,1678,Mumbai,Mobile,Electronics,8.0,4348.0,34784
689,2024-11-19,1646,Mumbai,Smartwatch,Electronics,3.0,1824.0,5472
690,2024-11-20,1934,Bangalore,Laptop,Accessories,4.0,3855.0,15420
691,2024-11-21,1370,Bangalore,Tablet,Gadgets,4.0,1054.0,4216
692,2024-11-22,1968,Mumbai,Laptop,Accessories,2.0,3545.0,7090
693,2024-11-23,1988,Chennai,Tablet,Accessories,7.0,2087.0,14609
694,2024-11-24,1451,Hyderabad,Tablet,Accessories,8.0,223.0,1784
695,2024-11-25,1803,Delhi,Laptop,Electronics,3.0,1766.0,5298
696,2024-11-26,1274,Hyderabad,Headphones,Electronics,4.0,1441.0,5764
697,2024-11-27,1929,Delhi,Laptop,Electronics,7.0,3266.0,22862
698,2024-11-28,1901,Bangalore,Mobile,Gadgets,6.0,4436.0,26616
699,2024-11-29,1121,Mumbai,Smartwatch,Accessories,7.0,3105.0,21735
700,2024-11-30,1859,Chennai,Smartwatch,Gadgets,7.0,3109.0,21763
701,2024-12-01,1340,Bangalore,Laptop,Gadgets,1.0,3550.0,3550
702,2024-12-02,1799,Delhi,Laptop,Gadgets,6.0,182.0,1092
703,2024-12-03,1911,Hyderabad,Laptop,Accessories,6.0,3534.0,21204
704,2024-12-04,1980,Bangalore,Mobile,Accessories,6.0,1464.0,8784
705,2024-12-05,1297,Bangalore,Smartwatch,Electronics,9.0,3351.0,30159
706,2024-12-06,1518,Hyderabad,Mobile,Accessories,8.0,3571.0,28568
707,2024-12-07,1601,Mumbai,Tablet,Accessories,1.0,728.0,728
708,2024-12-08,1360,Chennai,Smartwatch,Electronics,5.0,3077.0,15385
709,2024-12-09,1193,Delhi,Laptop,Accessories,8.0,140.0,1120
710,2024-12-10,1261,Mumbai,Mobile,Gadgets,3.0,3036.0,9108
711,2024-12-11,1977,Mumbai,Headphones,Gadgets,1.0,4586.0,4586
712,2024-12-12,1220,Bangalore,Mobile,Gadgets,1.0,2731.0,2731
713,2024-12-13,1931,Hyderabad,Laptop,Accessories,8.0,2059.0,16472
714,2024-12-14,1247,Chennai,Mobile,Accessories,5.0,4635.0,23175
715,2024-12-15,1645,Mumbai,Laptop,Accessories,8.0,4339.0,34712
716,2024-12-16,1714,Hyderabad,Mobile,Electronics,2.0,1715.0,3430
717,2024-12-17,1171,Hyderabad,Mobile,Accessories,6.0,954.0,5724
718,2024-12-18,1960,Chennai,Headphones,Electronics,3.0,1682.0,5046
719,2024-12-19,1332,Hyderabad,Headphones,Accessories,9.0,3611.0,32499
720,2024-12-20,1905,Hyderabad,Tablet,Accessories,4.0,442.0,1768
721,2024-12-21,1429,Chennai,Smartwatch,Electronics,3.0,1076.0,3228
722,2024-12-22,1275,Bangalore,Tablet,Accessories,2.0,3415.0,6830
723,2024-12-23,1838,Delhi,Tablet,Accessories,9.0,2533.0,22797
724,2024-12-24,1507,Bangalore,Laptop,Gadgets,2.0,188.0,376
725,2024-12-25,1545,Bangalore,Headphones,Accessories,9.0,321.0,2889
726,2024-12-26,1064,Mumbai,Headphones,Gadgets,5.0,2410.0,12050
727,2024-12-27,1299,Hyderabad,Laptop,Electronics,1.0,2687.0,2687
728,2024-12-28,1688,Bangalore,Tablet,Gadgets,8.0,466.0,3728
729,2024-12-29,1346,Mumbai,Mobile,Gadgets,1.0,4144.0,4144
730,2024-12-30,1444,Delhi,Tablet,Electronics,7.0,3982.0,27874
731,2024-12-31,1674,Delhi,Headphones,Electronics,4.0,3111.0,12444
732,2025-01-01,1311,Delhi,Headphones,Electronics,6.0,3636.0,21816
733,2025-01-02,1762,Delhi,Tablet,Gadgets,8.0,552.0,4416
734,2025-01-03,1546,Mumbai,Tablet,Accessories,8.0,159.0,1272
735,2025-01-04,1813,Mumbai,Mobile,Electronics,1.0,4832.0,4832
736,2025-01-05,1120,Bangalore,Smartwatch,Electronics,9.0,1627.0,14643
737,2025-01-06,1996,Mumbai,Mobile,Electronics,7.0,4115.0,28805
738,2025-01-07,1171,Chennai,Tablet,Accessories,6.0,1006.0,6036
739,2025-01-08,1174,Delhi,Headphones,Electronics,1.0,4858.0,4858
740,2025-01-09,1588,Hyderabad,Tablet,Accessories,9.0,3515.0,31635
741,2025-01-10,1904,Bangalore,Tablet,Gadgets,5.0,302.0,1510
742,2025-01-11,1674,Chennai,Headphones,Gadgets,4.0,3832.0,15328
743,2025-01-12,1065,Chennai,Tablet,Gadgets,9.0,3909.0,35181
744,2025-01-13,1789,Bangalore,Mobile,Electronics,8.0,846.0,6768
745,2025-01-14,1288,Hyderabad,Smartwatch,Gadgets,4.0,388.0,1552
746,2025-01-15,1717,Chennai,Tablet,Accessories,9.0,2297.0,20673
747,2025-01-16,1109,Hyderabad,Mobile,Gadgets,6.0,4574.0,27444
748,2025-01-17,1110,Delhi,Headphones,Gadgets,1.0,1548.0,1548
749,2025-01-18,1379,Hyderabad,Tablet,Gadgets,4.0,3805.0,15220
750,2025-01-19,1135,Hyderabad,Laptop,Electronics,3.0,2473.0,7419
751,2025-01-20,1905,Chennai,Mobile,Gadgets,5.0,898.0,4490
752,2025-01-21,1610,Bangalore,Mobile,Electronics,8.0,2868.0,22944
753,2025-01-22,1653,Bangalore,Tablet,Accessories,3.0,1494.0,4482
754,2025-01-23,1263,Mumbai,Headphones,Electronics,2.0,4817.0,9634
755,2025-01-24,1141,Hyderabad,Tablet,Accessories,9.0,1983.0,17847
756,2025-01-25,1398,Hyderabad,Tablet,Electronics,8.0,3127.0,25016
757,2025-01-26,1035,Chennai,Laptop,Electronics,2.0,3810.0,7620
758,2025-01-27,1335,Chennai,Headphones,Electronics,9.0,3786.0,34074
759,2025-01-28,1309,Bangalore,Mobile,Electronics,5.0,4744.0,23720
760,2025-01-29,1037,Mumbai,Smartwatch,Gadgets,4.0,3299.0,13196
761,2025-01-30,1677,Mumbai,Smartwatch,Accessories,4.0,1333.0,5332
762,2025-01-31,1717,Delhi,Headphones,Electronics,5.0,2102.0,10510
763,2025-02-01,1103,Bangalore,Smartwatch,Gadgets,6.0,1467.0,8802
764,2025-02-02,1074,Mumbai,Laptop,Electronics,2.0,1292.0,2584
765,2025-02-03,1767,Delhi,Headphones,Accessories,1.0,3219.0,3219
766,2025-02-04,1206,Bangalore,Tablet,Gadgets,2.0,4039.0,8078
767,2025-02-05,1913,Hyderabad,Smartwatch,Gadgets,8.0,4433.0,35464
768,2025-02-06,1459,Delhi,Tablet,Accessories,6.0,2160.0,12960
769,2025-02-07,1464,Hyderabad,Laptop,Accessories,6.0,1202.0,7212
770,2025-02-08,1667,Mumbai,Headphones,Electronics,7.0,2334.0,16338
771,2025-02-09,1580,Bangalore,Laptop,Electronics,2.0,3979.0,7958
772,2025-02-10,1869,Bangalore,Laptop,Electronics,1.0,4098.0,4098
773,2025-02-11,1418,Delhi,Laptop,Electronics,5.0,1395.0,6975
774,2025-02-12,1414,Chennai,Tablet,Electronics,4.0,1325.0,5300
775,2025-02-13,1154,Hyderabad,Laptop,Electronics,6.0,4947.0,29682
776,2025-02-14,1157,Delhi,Mobile,Accessories,2.0,2227.0,4454
777,2025-02-15,1061,Bangalore,Headphones,Gadgets,7.0,4283.0,29981
778,2025-02-16,1202,Delhi,Tablet,Accessories,4.0,1067.0,4268
779,2025-02-17,1711,Chennai,Headphones,Accessories,4.0,678.0,2712
780,2025-02-18,1315,Delhi,Laptop,Gadgets,6.0,3554.0,21324
781,2025-02-19,1905,Bangalore,Tablet,Electronics,2.0,2888.0,5776
782,2025-02-20,1716,Delhi,Tablet,Accessories,2.0,1419.0,2838
783,2025-02-21,1055,Mumbai,Headphones,Accessories,1.0,2105.0,2105
784,2025-02-22,1296,Delhi,Smartwatch,Electronics,7.0,3969.0,27783
785,2025-02-23,1906,Delhi,Headphones,Electronics,5.0,1703.0,8515
786,2025-02-24,1229,Mumbai,Smartwatch,Accessories,8.0,1763.0,14104
787,2025-02-25,1962,Chennai,Laptop,Gadgets,5.0,2684.0,13420
788,2025-02-26,1794,Mumbai,Smartwatch,Gadgets,1.0,2825.0,2825
789,2025-02-27,1837,Bangalore,Mobile,Accessories,6.0,4220.0,25320
790,2025-02-28,1893,Mumbai,Headphones,Accessories,4.0,984.0,3936
791,2025-03-01,1648,Delhi,Tablet,Electronics,9.0,3097.0,27873
792,2025-03-02,1317,Mumbai,Tablet,Gadgets,8.0,413.0,3304
793,2025-03-03,1268,Chennai,Tablet,Accessories,4.0,3153.0,12612
794,2025-03-04,1394,Mumbai,Smartwatch,Gadgets,6.0,3325.0,19950
795,2025-03-05,1758,Bangalore,Tablet,Accessories,4.0,2786.0,11144
796,2025-03-06,1445,Bangalore,Mobile,Gadgets,8.0,4595.0,36760
797,2025-03-07,1725,Bangalore,Tablet,Accessories,2.0,2529.0,5058
798,2025-03-08,1514,Bangalore,Tablet,Electronics,4.0,3672.0,14688
799,2025-03-09,1995,Chennai,Laptop,Electronics,9.0,3151.0,28359
800,2025-03-10,1313,Hyderabad,Mobile,Gadgets,3.0,961.0,2883
801,2025-03-11,1722,Mumbai,Smartwatch,Accessories,7.0,4847.0,33929
802,2025-03-12,1166,Mumbai,Mobile,Accessories,6.0,3978.0,23868
803,2025-03-13,1346,Mumbai,Tablet,Accessories,3.0,1853.0,5559
804,2025-03-14,1894,Mumbai,Mobile,Gadgets,3.0,537.0,1611
805,2025-03-15,1127,Delhi,Mobile,Accessories,9.0,4842.0,43578
806,2025-03-16,1901,Delhi,Laptop,Gadgets,4.0,3059.0,12236
807,2025-03-17,1585,Chennai,Headphones,Accessories,4.0,3073.0,12292
808,2025-03-18,1502,Bangalore,Smartwatch,Accessories,5.0,3496.0,17480
809,2025-03-19,1528,Chennai,Headphones,Accessories,6.0,200.0,1200
810,2025-03-20,1682,Bangalore,Tablet,Electronics,1.0,961.0,961
811,2025-03-21,1414,Chennai,Mobile,Gadgets,6.0,4127.0,24762
812,2025-03-22,1870,Hyderabad,Smartwatch,Electronics,2.0,4902.0,9804
813,2025-03-23,1589,Hyderabad,Laptop,Accessories,1.0,1934.0,1934
814,2025-03-24,1302,Hyderabad,Tablet,Electronics,9.0,439.0,3951
815,2025-03-25,1974,Bangalore,Mobile,Accessories,7.0,3896.0,27272
816,2025-03-26,1042,Hyderabad,Headphones,Electronics,8.0,3119.0,24952
817,2025-03-27,1563,Mumbai,Mobile,Gadgets,4.0,1475.0,5900
818,2025-03-28,1599,Delhi,Headphones,Electronics,7.0,4585.0,32095
819,2025-03-29,1707,Delhi,Smartwatch,Gadgets,8.0,3587.0,28696
820,2025-03-30,1779,Chennai,Mobile,Accessories,8.0,3188.0,25504
821,2025-03-31,1056,Hyderabad,Laptop,Electronics,9.0,3291.0,29619
822,2025-04-01,1540,Bangalore,Headphones,Gadgets,5.0,811.0,4055
823,2025-04-02,1984,Bangalore,Laptop,Accessories,8.0,164.0,1312
824,2025-04-03,1338,Bangalore,Mobile,Accessories,2.0,559.0,1118
825,2025-04-04,1642,Bangalore,Mobile,Gadgets,1.0,3501.0,3501
826,2025-04-05,1644,Hyderabad,Headphones,Accessories,4.0,4795.0,19180
827,2025-04-06,1194,Delhi,Tablet,Electronics,2.0,4441.0,8882
828,2025-04-07,1338,Hyderabad,Mobile,Gadgets,7.0,716.0,5012
829,2025-04-08,1141,Hyderabad,Tablet,Accessories,8.0,3414.0,27312
830,2025-04-09,1150,Delhi,Laptop,Accessories,6.0,1600.0,9600
831,2025-04-10,1324,Delhi,Mobile,Gadgets,2.0,4219.0,8438
832,2025-04-11,1867,Hyderabad,Headphones,Accessories,6.0,3201.0,19206
833,2025-04-12,1761,Chennai,Tablet,Gadgets,2.0,833.0,1666
834,2025-04-13,1065,Hyderabad,Smartwatch,Accessories,8.0,2307.0,18456
835,2025-04-14,1943,Bangalore,Laptop,Accessories,5.0,3703.0,18515
836,2025-04-15,1364,Chennai,Laptop,Electronics,5.0,291.0,1455
837,2025-04-16,1773,Hyderabad,Laptop,Gadgets,3.0,4224.0,12672
838,2025-04-17,1924,Chennai,Laptop,Accessories,6.0,1995.0,11970
839,2025-04-18,1621,Chennai,Headphones,Gadgets,3.0,1321.0,3963
840,2025-04-19,1418,Bangalore,Mobile,Accessories,7.0,2998.0,20986
841,2025-04-20,1416,Mumbai,Headphones,Accessories,9.0,4632.0,41688
842,2025-04-21,1723,Hyderabad,Headphones,Accessories,8.0,4048.0,32384
843,2025-04-22,1568,Mumbai,Tablet,Gadgets,9.0,4330.0,38970
844,2025-04-23,1630,Delhi,Mobile,Electronics,3.0,2949.0,8847
845,2025-04-24,1519,Bangalore,Mobile,Accessories,5.0,854.0,4270
846,2025-04-25,1738,Chennai,Headphones,Gadgets,6.0,2336.0,14016
847,2025-04-26,1632,Hyderabad,Smartwatch,Gadgets,3.0,4618.0,13854
848,2025-04-27,1525,Mumbai,Headphones,Accessories,8.0,3555.0,28440
849,2025-04-28,1299,Bangalore,Tablet,Accessories,5.0,2366.0,11830
850,2025-04-29,1396,Mumbai,Smartwatch,Electronics,5.0,2790.0,13950
851,2025-04-30,1488,Hyderabad,Laptop,Electronics,4.0,2464.0,9856
852,2025-05-01,1837,Mumbai,Laptop,Accessories,9.0,3858.0,34722
853,2025-05-02,1023,Bangalore,Tablet,Gadgets,4.0,666.0,2664
854,2025-05-03,1502,Delhi,Smartwatch,Accessories,1.0,434.0,434
855,2025-05-04,1729,Bangalore,Smartwatch,Gadgets,3.0,799.0,2397
856,2025-05-05,1631,Bangalore,Tablet,Electronics,8.0,1391.0,11128
857,2025-05-06,1707,Hyderabad,Tablet,Accessories,3.0,4466.0,13398
858,2025-05-07,1196,Hyderabad,Headphones,Accessories,4.0,2723.0,10892
859,2025-05-08,1351,Delhi,Mobile,Accessories,2.0,3267.0,6534
860,2025-05-09,1428,Bangalore,Mobile,Electronics,1.0,1129.0,1129
861,2025-05-10,1230,Delhi,Smartwatch,Gadgets,5.0,3392.0,16960
862,2025-05-11,1448,Delhi,Laptop,Electronics,5.0,4826.0,24130
863,2025-05-12,1813,Bangalore,Smartwatch,Gadgets,5.0,4116.0,20580
864,2025-05-13,1040,Hyderabad,Smartwatch,Gadgets,2.0,2162.0,4324
865,2025-05-14,1765,Bangalore,Tablet,Electronics,4.0,3767.0,15068
866,2025-05-15,1559,Delhi,Laptop,Electronics,6.0,446.0,2676
867,2025-05-16,1484,Delhi,Laptop,Electronics,8.0,3125.0,25000
868,2025-05-17,1494,Chennai,Mobile,Accessories,2.0,790.0,1580
869,2025-05-18,1216,Hyderabad,Smartwatch,Accessories,5.0,343.0,1715
870,2025-05-19,1327,Mumbai,Tablet,Electronics,8.0,2713.0,21704
871,2025-05-20,1747,Mumbai,Headphones,Gadgets,9.0,204.0,1836
872,2025-05-21,1141,Bangalore,Laptop,Gadgets,6.0,4839.0,29034
873,2025-05-22,1535,Chennai,Headphones,Electronics,7.0,1838.0,12866
874,2025-05-23,1861,Hyderabad,Laptop,Gadgets,4.0,3160.0,12640
875,2025-05-24,1261,Bangalore,Headphones,Gadgets,1.0,746.0,746
876,2025-05-25,1653,Bangalore,Laptop,Electronics,3.0,1331.0,3993
877,2025-05-26,1034,Mumbai,Laptop,Electronics,4.0,3236.0,12944
878,2025-05-27,1841,Bangalore,Smartwatch,Accessories,8.0,2777.0,22216
879,2025-05-28,1212,Delhi,Tablet,Gadgets,4.0,3264.0,13056
880,2025-05-29,1262,Hyderabad,Laptop,Electronics,3.0,3711.0,11133
881,2025-05-30,1818,Chennai,Smartwatch,Accessories,9.0,2614.0,23526
882,2025-05-31,1142,Chennai,Smartwatch,Accessories,6.0,3906.0,23436
883,2025-06-01,1906,Delhi,Tablet,Electronics,4.0,4172.0,16688
884,2025-06-02,1893,Chennai,Smartwatch,Electronics,3.0,709.0,2127
885,2025-06-03,1200,Bangalore,Laptop,Gadgets,5.0,4580.0,22900
886,2025-06-04,1292,Bangalore,Headphones,Accessories,2.0,339.0,678
887,2025-06-05,1699,Hyderabad,Tablet,Gadgets,7.0,2779.0,19453
888,2025-06-06,1279,Bangalore,Smartwatch,Accessories,3.0,339.0,1017
889,2025-06-07,1577,Bangalore,Mobile,Electronics,7.0,958.0,6706
890,2025-06-08,1978,Delhi,Mobile,Electronics,7.0,405.0,2835
891,2025-06-09,1563,Bangalore,Laptop,Electronics,5.0,1442.0,7210
892,2025-06-10,1151,Hyderabad,Headphones,Electronics,9.0,519.0,4671
893,2025-06-11,1974,Mumbai,Smartwatch,Gadgets,6.0,712.0,4272
894,2025-06-12,1469,Hyderabad,Mobile,Electronics,7.0,1581.0,11067
895,2025-06-13,1610,Chennai,Smartwatch,Accessories,9.0,233.0,2097
896,2025-06-14,1527,Hyderabad,Smartwatch,Gadgets,3.0,4606.0,13818
897,2025-06-15,1955,Hyderabad,Tablet,Gadgets,5.0,719.0,3595
898,2025-06-16,1152,Mumbai,Headphones,Gadgets,8.0,4748.0,37984
899,2025-06-17,1496,Chennai,Mobile,Gadgets,3.0,2848.0,8544
900,2025-06-18,1217,Hyderabad,Tablet,Electronics,6.0,716.0,4296
901,2025-06-19,1659,Delhi,Smartwatch,Gadgets,1.0,3256.0,3256
902,2025-06-20,1373,Bangalore,Headphones,Accessories,1.0,3097.0,3097
903,2025-06-21,1777,Delhi,Laptop,Gadgets,4.0,946.0,3784
904,2025-06-22,1316,Chennai,Mobile,Electronics,9.0,2451.0,22059
905,2025-06-23,1661,Chennai,Mobile,Gadgets,1.0,3738.0,3738
906,2025-06-24,1713,Chennai,Mobile,Electronics,3.0,3050.0,9150
907,2025-06-25,1890,Mumbai,Headphones,Accessories,7.0,1676.0,11732
908,2025-06-26,1171,Delhi,Tablet,Accessories,2.0,4233.0,8466
909,2025-06-27,1034,Hyderabad,Smartwatch,Gadgets,4.0,2639.0,10556
910,2025-06-28,1334,Hyderabad,Headphones,Gadgets,9.0,4713.0,42417
911,2025-06-29,1276,Bangalore,Tablet,Gadgets,6.0,2752.0,16512
912,2025-06-30,1964,Delhi,Smartwatch,Accessories,1.0,4802.0,4802
913,2025-07-01,1270,Chennai,Mobile,Electronics,7.0,3489.0,24423
914,2025-07-02,1725,Delhi,Mobile,Electronics,9.0,2751.0,24759
915,2025-07-03,1191,Chennai,Headphones,Gadgets,6.0,1784.0,10704
916,2025-07-04,1835,Chennai,Smartwatch,Gadgets,2.0,2589.0,5178
917,2025-07-05,1140,Chennai,Tablet,Accessories,6.0,291.0,1746
918,2025-07-06,1510,Hyderabad,Smartwatch,Gadgets,7.0,4584.0,32088
919,2025-07-07,1088,Bangalore,Headphones,Accessories,5.0,195.0,975
920,2025-07-08,1129,Mumbai,Smartwatch,Electronics,9.0,3287.0,29583
921,2025-07-09,1858,Mumbai,Headphones,Electronics,9.0,1519.0,13671
922,2025-07-10,1189,Mumbai,Headphones,Gadgets,7.0,1054.0,7378
923,2025-07-11,1631,Bangalore,Smartwatch,Electronics,2.0,3441.0,6882
924,2025-07-12,1595,Delhi,Headphones,Gadgets,8.0,768.0,6144
925,2025-07-13,1396,Delhi,Tablet,Electronics,5.0,908.0,4540
926,2025-07-14,1568,Chennai,Tablet,Accessories,8.0,3241.0,25928
927,2025-07-15,1338,Delhi,Smartwatch,Accessories,9.0,4033.0,36297
928,2025-07-16,1128,Hyderabad,Mobile,Gadgets,1.0,3745.0,3745
929,2025-07-17,1664,Mumbai,Mobile,Accessories,5.0,132.0,660
930,2025-07-18,1299,Mumbai,Tablet,Accessories,4.0,4729.0,18916
931,2025-07-19,1530,Chennai,Smartwatch,Accessories,6.0,3101.0,18606
932,2025-07-20,1878,Delhi,Mobile,Electronics,6.0,3870.0,23220
933,2025-07-21,1010,Hyderabad,Laptop,Accessories,2.0,520.0,1040
934,2025-07-22,1952,Chennai,Headphones,Electronics,2.0,2054.0,4108
935,2025-07-23,1748,Hyderabad,Headphones,Gadgets,3.0,1809.0,5427
936,2025-07-24,1761,Delhi,Smartwatch,Electronics,9.0,478.0,4302
937,2025-07-25,1829,Mumbai,Mobile,Accessories,2.0,3734.0,7468
938,2025-07-26,1562,Delhi,Headphones,Electronics,3.0,4481.0,13443
939,2025-07-27,1409,Bangalore,Tablet,Accessories,5.0,4420.0,22100
940,2025-07-28,1518,Hyderabad,Mobile,Electronics,8.0,3785.0,30280
941,2025-07-29,1987,Chennai,Smartwatch,Electronics,8.0,1977.0,15816
942,2025-07-30,1099,Chennai,Headphones,Electronics,2.0,3106.0,6212
943,2025-07-31,1292,Chennai,Mobile,Electronics,7.0,4393.0,30751
944,2025-08-01,1007,Mumbai,Laptop,Electronics,8.0,369.0,2952
945,2025-08-02,1241,Bangalore,Laptop,Gadgets,7.0,3611.0,25277
946,2025-08-03,1893,Hyderabad,Laptop,Gadgets,7.0,3545.0,24815
947,2025-08-04,1962,Delhi,Headphones,Accessories,1.0,1460.0,1460
948,2025-08-05,1495,Chennai,Laptop,Gadgets,4.0,2396.0,9584
949,2025-08-06,1135,Delhi,Tablet,Accessories,6.0,592.0,3552
950,2025-08-07,1051,Delhi,Tablet,Electronics,7.0,3284.0,22988
951,2025-08-08,1533,Delhi,Laptop,Accessories,5.0,4307.0,21535
952,2025-08-09,1607,Hyderabad,Headphones,Electronics,7.0,1005.0,7035
953,2025-08-10,1390,Chennai,Tablet,Accessories,7.0,4119.0,28833
954,2025-08-11,1544,Bangalore,Tablet,Accessories,6.0,2151.0,12906
955,2025-08-12,1549,Delhi,Headphones,Electronics,6.0,1332.0,7992
956,2025-08-13,1249,Hyderabad,Mobile,Accessories,4.0,1878.0,7512
957,2025-08-14,1734,Mumbai,Mobile,Electronics,5.0,3590.0,17950
958,2025-08-15,1536,Mumbai,Mobile,Accessories,7.0,1373.0,9611
959,2025-08-16,1368,Bangalore,Headphones,Electronics,7.0,2316.0,16212
960,2025-08-17,1989,Bangalore,Tablet,Gadgets,8.0,3018.0,24144
961,2025-08-18,1081,Bangalore,Tablet,Electronics,1.0,3922.0,3922
962,2025-08-19,1817,Hyderabad,Tablet,Gadgets,6.0,2662.0,15972
963,2025-08-20,1343,Delhi,Smartwatch,Accessories,5.0,363.0,1815
964,2025-08-21,1477,Hyderabad,Mobile,Gadgets,2.0,1105.0,2210
965,2025-08-22,1476,Mumbai,Smartwatch,Gadgets,1.0,1912.0,1912
966,2025-08-23,1715,Mumbai,Mobile,Electronics,3.0,2210.0,6630
967,2025-08-24,1486,Delhi,Mobile,Gadgets,1.0,2595.0,2595
968,2025-08-25,1620,Delhi,Tablet,Gadgets,5.0,4503.0,22515
969,2025-08-26,1820,Mumbai,Laptop,Electronics,5.0,2275.0,11375
970,2025-08-27,1141,Chennai,Smartwatch,Electronics,8.0,800.0,6400
971,2025-08-28,1678,Chennai,Headphones,Gadgets,4.0,3967.0,15868
972,2025-08-29,1988,Bangalore,Tablet,Accessories,5.0,4758.0,23790
973,2025-08-30,1916,Bangalore,Smartwatch,Gadgets,9.0,1209.0,10881
974,2025-08-31,1693,Chennai,Mobile,Accessories,1.0,1063.0,1063
975,2025-09-01,1279,Bangalore,Headphones,Accessories,1.0,1182.0,1182
976,2025-09-02,1468,Delhi,Smartwatch,Electronics,6.0,166.0,996
977,2025-09-03,1466,Hyderabad,Mobile,Accessories,3.0,2035.0,6105
978,2025-09-04,1564,Delhi,Headphones,Gadgets,8.0,989.0,7912
979,2025-09-05,1986,Delhi,Tablet,Gadgets,3.0,4411.0,13233
980,2025-09-06,1668,Delhi,Tablet,Accessories,5.0,1861.0,9305
981,2025-09-07,1340,Hyderabad,Tablet,Accessories,4.0,1560.0,6240
982,2025-09-08,1394,Mumbai,Mobile,Electronics,1.0,1476.0,1476
983,2025-09-09,1782,Chennai,Smartwatch,Electronics,4.0,2231.0,8924
984,2025-09-10,1103,Bangalore,Mobile,Electronics,1.0,1791.0,1791
985,2025-09-11,1910,Mumbai,Laptop,Gadgets,9.0,1386.0,12474
986,2025-09-12,1312,Chennai,Mobile,Gadgets,4.0,2769.0,11076
987,2025-09-13,1737,Bangalore,Mobile,Gadgets,8.0,4392.0,35136
988,2025-09-14,1175,Mumbai,Headphones,Gadgets,1.0,371.0,371
989,2025-09-15,1157,Hyderabad,Smartwatch,Electronics,3.0,2652.0,7956
990,2025-09-16,1762,Bangalore,Tablet,Electronics,3.0,4173.0,12519
991,2025-09-17,1880,Delhi,Laptop,Gadgets,3.0,696.0,2088
992,2025-09-18,1482,Hyderabad,Headphones,Gadgets,2.0,4599.0,9198
993,2025-09-19,1501,Mumbai,Smartwatch,Accessories,4.0,3803.0,15212
994,2025-09-20,1210,Hyderabad,Laptop,Accessories,2.0,3487.0,6974
995,2025-09-21,1653,Chennai,Mobile,Accessories,2.0,1025.0,2050
996,2025-09-22,1122,Chennai,Mobile,Electronics,4.0,3994.0,15976
997,2025-09-23,1013,Delhi,Smartwatch,Accessories,8.0,3462.0,27696
998,2025-09-24,1851,Delhi,Smartwatch,Gadgets,1.0,2748.0,2748
999,2025-09-25,1493,Delhi,Laptop,Electronics,6.0,3214.0,19284
1000,2025-09-26,1680,Mumbai,Smartwatch,Gadgets,6.0,221.0,1326
